"Unique.Code","Date","Time","Species","Count","Origin","ox","oy","Destination","dx","dy","Comments"
"11_ER_091116_MO6","09/11/2016","08:10","GV","300","C7D",477882.40295698,101357.39644642,"feedatheadofchannel",477675.30770811,104342.384286993,""
"16_DS_301116_MO2","09/11/2016","10:20","DN","1000","P73",468279.54646078,103393.89124735,"H71",469508.7888797,103555.7724845,NA
"9_ER_301116_MO3","30/11/16","10:35","OC","16",NA,470732.70308657,100115.533319565,"H85",469422.37880961,99827.33639172,"To H85"
"9_ER_301116_MO6","30/11/16","11:00","BA","36",NA,469488.731726049,100246.943302361,"H72",469900.68411626,103188.19509045,"CO1 - H72"
"16_DS_161216_MO2","16/12/2016","09:50","DB","7","P10H",468276.53715399,104155.78272363,"A",467732.294443251,104638.082653994,"Flew in from P10H main lake and landed at A"
"16_DS_161216_MO3","16/12/2016","10:00","L.","22","A",467679.729110121,103770.806702444,"P10H",468276.53715399,104155.78272363,""
"16_DS_161216_MO4","16/12/2016","10:05","BW","80","F",467451.958507444,103464.194750262,"P10H",468276.53715399,104155.78272363,"Flew on rising tidefrom roundabout (M27) to P10H/4"
"16_DS_161216_MO5","16/12/2016","10:05","AV","65","G",467478.239951802,103560.558670805,"P10H",468276.53715399,104155.78272363,"Flew onto main lake at P10H/4"
"16_DS_190117_MO1","19/01/2017","12:30","DB","90","PO8A",467745.434919424,104618.37178497,"P10H",468276.53715399,104155.78272363,NA
"16_DS_190117_MO2","19/01/2017","12:42","DB","90","P10H",468276.53715399,104155.78272363,"P08A",467792.93977895,104694.73581295,NA
"16_DS_190117_MO3","19/01/2017","13:20","DB","150","P11",467506.6530882,103011.14040931,"P10H",468276.53715399,104155.78272363,NA
"16_DS_190117_MO4","19/01/2017","13:25","DB","45","PO8A",467973.204506406,104644.652054853,"P11",467506.6530882,103011.14040931,NA
"16_DS_190117_MO6","19/01/2017","14:00","DN","120","Bmap6",469199.653774033,104136.546436517,"P73",468279.54646078,103393.89124735,NA
"16_DS_190117_MO7","19/01/2017","14:00","SU","28","H71",469508.7888797,103555.7724845,"P10I",468700.88757511,103830.84924908,NA
"16_DS_190117_MO8","19/01/2017","14:05","DN","700","Bmap6",468998.162964754,103470.75942165,"P73",468279.54646078,103393.89124735,NA
"16_DS_190117_MO9","19/01/2017","14:07","DN","350","Bmap6",469190.893694717,104215.389753864,"H71",469508.7888797,103555.7724845,NA
"16_DS_190117_MO10","19/01/2017","14:08","DN","400","Bmap6",469217.174821654,104224.150023693,"H71",469508.7888797,103555.7724845,NA
"16_DS_190117_MO11","19/01/2017","14:08","DN","300","Bmap6",469278.497408839,104232.910166529,"P73",468279.54646078,103393.89124735,NA
"16_DS_190117_MO12","19/01/2017","14:15","DN","100","H71",469508.7888797,103555.7724845,"P73",468279.54646078,103393.89124735,NA
"16_DS_190117_MO16","19/01/2017","14:51","DN","70","Bmap6",469182.133202657,104180.348325343,"P73",468279.54646078,103393.89124735,NA
"16_DS_190117_MO17","19/01/2017","14:52","DN","300","Bmap6",469173.372901093,104197.869087225,"P73",468279.54646078,103393.89124735,NA
"16_DS_190117_MO18","19/01/2017","14:52","DN","200","Bmap6",469182.13298041,104119.025769877,"P73",468279.54646078,103393.89124735,NA
"16_DS_190117_MO19","19/01/2017","15:01","DN","200","P73",468279.54646078,103393.89124735,"H71",469508.7888797,103555.7724845,NA
"16_DS_190117_MO20","19/01/2017","15:05","DN","2500","P73",468279.54646078,103393.89124735,"H71",469508.7888797,103555.7724845,NA
"NH_JN_311116_MO2","30/11/2016","10:55","DN","1000","H73A",471627.28181909,103746.15072104,"H73B",471361.56283807,103537.71325255,NA
"NH_JN_311116_MO3","30/11/2016","10:55","DN","500","H73A",471627.28181909,103746.15072104,"H73B",471361.56283807,103537.71325255,NA
"NH_JN_311116_MO4","30/11/2016","11:55","DB","30","farlingtonwaterbycarpark",NA,NA,"P08A",467792.93977895,104694.73581295,NA
"NH_JN_311116_MO5","30/11/2016","12:00","DB","25","farlingtonwaterbycarpark",NA,NA,"P08A",467792.93977895,104694.73581295,NA
"NH_JN_311116_MO6","30/11/2016","12:05","DB","14","farlingtonwaterbycarpark",NA,NA,"P08A",467792.93977895,104694.73581295,NA
"7_ER_211016_MO1","21/10/2016","07:40","DB","10","Channeledge",474247.806871532,102132.594632451,"7_ER_211016_SC01",473792.266809463,101834.743872186,"Flew to feed on zostera"
"7_ER_211016_MO1","21/10/2016","07:40","WN","150","Channeledge",474247.806871532,102132.594632451,"7_ER_211016_SC01",473792.266809463,101834.743872186,""
"7_ER_211016_MO15","21/10/2016","09:50","WN","100","7_ER_211016_SC09",474931.124016957,104524.171813844,"7_ER_211016_SC09",474931.124016957,104524.171813844,"All birds flushed, most resettled after 1m some (10-20) moved to SC10"
"7_ER_211016_MO15","21/10/2016","09:50","DB","50","7_ER_211016_SC09",474931.124016957,104524.171813844,"7_ER_211016_SC09",474931.124016957,104524.171813844,"All birds flushed, most resettled after 1m some (10-20) moved to SC10"
"7_ER_211016_MO15","21/10/2016","09:50","WN","100","7_ER_211016_SC09",474931.124016957,104524.171813844,"7_ER_211016_SC10",474931.124016957,104524.171813844,"All birds flushed, most resettled after 1m some (10-20) moved to SC10"
"7_ER_211016_MO15","21/10/2016","09:50","DB","50","7_ER_211016_SC09",474931.124016957,104524.171813844,"7_ER_211016_SC10",474931.124016957,104524.171813844,"All birds flushed, most resettled after 1m some (10-20) moved to SC10"
"7_ER_211016_M19","21/10/2016","10:20","CU","15","Channeledge",NA,NA,"7_ER_211016_SC09",NA,NA,"Flew in to feed"
"7_ER_211016_M22","21/10/2016","11:45","DB","6","7_ER_211016_SC19",NA,NA,"SC7_ER_211016_21",NA,NA,""
"7_ER_211016_M23","21/10/2016","12:00","DB","35","E.channeledge",NA,NA,"W.channeledge",NA,NA,""
"7_ER_211016_M24","21/10/2016","12:00","CU","6","Tidaledge",NA,NA,"Backfromtidaledge",NA,NA,"Frontal movement back from tide"
"NH_JN_161216_MO6","16/12/2016","","GV","2","H73B",471361.56283807,103537.71325255,"H76",472327.50852231,104166.97179855,""
"NH_JN_161216_MO7","16/12/2016","","BW","1","H73B",471361.56283807,103537.71325255,"H76",472327.50852231,104166.97179855,""
"NH_JN_161216_MO10","16/12/2016","","DN","2","H73A",471627.28181909,103746.15072104,"H76",472327.50852231,104166.97179855,""
"NH_JN_161216_MO12","16/12/2016","","DN","20","H28C",471258.15992527,104858.68836398,"H73B",471361.56283807,103537.71325255,"Loud bang earlier, not sure if related"
"NH_JN_161216_MO14","16/12/2016","","OC","2","H28C",471258.15992527,104858.68836398,"H73B",471361.56283807,103537.71325255,"Same as Mo11/12/13"
"NH_JN_161216_MO15","16/12/2016","","DN","23","H76",472327.50852231,104166.97179855,"H73A",471627.28181909,103746.15072104,""
"NH_JN_161216_MO16","16/12/2016","","GV","45","H76",472327.50852231,104166.97179855,"H70",470148.51647097,104094.00639233,""
"NH_JN_161216_MO18","16/12/2016","","CU","1","H76",472327.50852231,104166.97179855,"H70",470148.51647097,104094.00639233,""
"NH_JN_161216_MO21","16/12/2016","","DN","180","H76",472327.50852231,104166.97179855,"H73A",471627.28181909,103746.15072104,"Same as MO16"
"NH_JN_161216_MO22","16/12/2016","","DN","155","H76",472327.50852231,104166.97179855,"H73B",471361.56283807,103537.71325255,"Like MO4 but backward"
"NH_JN_161216_MO25","16/12/2016","","DN","1700","H73A",471627.28181909,103746.15072104,"H73B",471361.56283807,103537.71325255,"original roost"
"NH_JN_161216_MO26","16/12/2016","","DN","350","H76",472327.50852231,104166.97179855,"H73A",471627.28181909,103746.15072104,"same as MO16"
"NH_JN_161216_MO27","16/12/2016","","OC","7","H76",472327.50852231,104166.97179855,"H70",470148.51647097,104094.00639233,"same as MO17"
"NH_JN_161216_MO29","16/12/2016","","CU","6","H76",472327.50852231,104166.97179855,"H73A",471627.28181909,103746.15072104,"same as MO16"
"NH_JN_211116_MO4","21/12/2016","13:45","DB","13","Baybybridge",471894.591933223,103950.093142225,"Bayatnorthofbridge",472336.10472408,105217.028109631,""
"NH_JN_211116_MO6","21/12/2016","14:15","DB","3","BayatSouthofBridge",471865.797989924,103969.2892552,"Bayatnorthofbridge",472268.918659188,105207.430348901,"Same route as MO4"
"NH_JN_211116_MO10","21/12/2016","15:13","DB","2","H73A",471627.28181909,103746.15072104,"BayNorthofBridge",472480.074718961,105197.831579079,""
"NH_JN_211116_MO14","21/12/2016","","CU","9","H73A",471627.28181909,103746.15072104,"H70",470148.51647097,104094.00639233,""
"NH_JN_211116_MO15","21/12/2016","","RK","19","H73A",471627.28181909,103746.15072104,"H76",472327.50852231,104166.97179855,""
"NH_JN_190117_MO1","19/01/17","13:10","DN","3","H73A",471627.28181909,103746.15072104,"H76",472327.50852231,104166.97179855,""
"NH_JN_190117_MO3","19/01/17","14:50","DN","60","H73A",471627.28181909,103746.15072104,"H76",472327.50852231,104166.97179855,"same as MO1"
"NH_JN_190117_MO4","19/01/17","14:50","DN","70","nocodebaybybridge",471654.641860618,103959.692016295,"H76",472327.50852231,104166.97179855,"joined flock MO3 as it arrived over sea wall"
"NH_JN_190117_MO1","19/01/17","10:16","DN","70","H73B",471361.56283807,103537.71325255,"H73B",471361.56283807,103537.71325255,"arrived from east"
"NH_JN_190117_MO2","19/01/17","11:02","RK","1","H76",472327.50852231,104166.97179855,"baywestofbridge",471865.798233485,104036.475285306,""
"NH_JN_190117_MO3","19/01/17","11:15","DN","7","baywestofbridge",471865.797989924,103969.2892552,"H76",472327.50852231,104166.97179855,""
"NH_JN_190117_MO5","19/01/17","11:37","DN","52","baywestofbridge",471980.974041471,103969.288837704,"H76",472327.50852231,104166.97179855,"joined with MO4"
"NH_JN_190117_MO6","19/01/17","11:37","RK","3","baywestofbridge",471923.385998301,103964.490044304,"H76",472327.50852231,104166.97179855,"same as MO5"
"NH_JN_140217_MO2","14/02/2017","09:57","DB","7","H70",470148.51647097,104094.00639233,"H28C",471258.15992527,104858.68836398,""
"NH_JN_140217_MO3","14/02/2017","10:27","DB","4","H28C",471258.15992527,104858.68836398,"H73A",471627.28181909,103746.15072104,""
"NH_JN_140217_MO4","14/02/2017","10:33","DB","4","H28C",471258.15992527,104858.68836398,"H73A",471627.28181909,103746.15072104,""
"NH_JN_140217_MO5","14/02/2017","10:40","DB","20","H73B",471361.56283807,103537.71325255,"baywestofbridge",471705.034088462,104705.936668173,""
"NH_JN_140217_MO6","14/02/2017","10:40","DB","28","H73B",471361.56283807,103537.71325255,"H73B",471361.56283807,103537.71325255,""
"NH_JN_140217_MO7","14/02/2017","11:30","RK","18","baywestofbridge",470176.549685718,104094.069433877,"H76",472327.50852231,104166.97179855,""
"NH_JN_140217_MO8","14/02/2017","11:59","DB","5","H70",470148.51647097,104094.00639233,"H73B",471361.56283807,103537.71325255,""
"NH_JN_140217_MO9","14/02/2017","12:06","OC","8","H28C",471258.15992527,104858.68836398,"H73B",471361.56283807,103537.71325255,""
"NH_JN_140217_MO10","14/02/2017","12:13","OC","3","H28C",471258.15992527,104858.68836398,"H73B",471361.56283807,103537.71325255,""
"NH_JN_140217_MO11","14/02/2017","12:13","TT","3","H28C",471258.15992527,104858.68836398,"H73B",471361.56283807,103537.71325255,""
"NH_JN_140217_MO12","14/02/2017","12:30","DB","30","baywestofbridge",471030.774990977,104900.298699464,"H73B",471361.56283807,103537.71325255,""
"NH_JN_140217_MO13","14/02/2017","12:31","DN","1000","H72",469900.68411626,103188.19509045,"H73B",471361.56283807,103537.71325255,"Mixed flock also included Grey Plover"
"NH_JN_140217_MO14","14/02/2017","12:35","DN","400","H28C",471258.15992527,104858.68836398,"H73B",471361.56283807,103537.71325255,"Same as MO9"
"NH_JN_140217_MO15","14/02/2017","12:42","DN","350","H28C",471258.15992527,104858.68836398,"H73B",471361.56283807,103537.71325255,"Same as Mo9"
"16_DS_140217_MO1","14/02/2017","11:10","SU","11","Donmap",468906.17834589,103253.940719604,"P10I",468700.88757511,103830.84924908,"The deeps"
"16_DS_140217_MO2","14/02/2017","11:20","DN","400","Eonmap",469037.586933072,104112.456019889,"P73",468279.54646078,103393.89124735,"Movement in 2 flocks"
"16_DS_140217_MO3","14/02/2017","11:20","DB","135","P11",467506.6530882,103011.14040931,"P10H",468276.53715399,104155.78272363,"To main lake"
"16_DS_140217_MO4","14/02/2017","11:24","DN","2500","Conmap",468078.321847825,102702.040720083,"Bonmap",468073.945030093,103630.639432992,"Steady movement northwards from mud south of P73 to mud north of P73"
"16_DS_140217_MO5","14/02/2017","11:25","PT","38","P10I",468700.88757511,103830.84924908,"Donmap",468906.178742721,103363.445282914,""
"16_DS_140217_MO6","14/02/2017","11:25","CU","14","P73",468279.54646078,103393.89124735,"H71",469508.7888797,103555.7724845,"Steady movement "
"16_DS_140217_MO7","14/02/2017","11:40","DB","200","P10H",468276.53715399,104155.78272363,"P11",467506.6530882,103011.14040931,"From main lake"
"16_DS_140217_MO8","14/02/2017","11:40","L.","46","Aonmap",467679.730094183,104042.378019609,"P10H",468276.53715399,104155.78272363,"Moved to main lake from mud flat"
"16_DS_140217_MO9","14/02/2017","11:50","DN","200","Aonmap",467727.912356,104112.460765592,"Bonmap",467925.01901448,103683.202163006,""
"16_DS_140217_MO10","14/02/2017","11:52","DN","1800","P73",468279.54646078,103393.89124735,"H71",469508.7888797,103555.7724845,"Mixed flock but mainly Dunlin"
"16_DS_140217_MO11","14/02/2017","11:53","DN","400","P73",468279.54646078,103393.89124735,"H71",469508.7888797,103555.7724845,""""""
"16_DS_140217_MO12","14/02/2017","11:53","DN","1300","P73",468279.54646078,103393.89124735,"H71",469508.7888797,103555.7724845,""""""
"16_DS_140217_MO13","14/02/2017","11:55","DN","2000","P73",468279.54646078,103393.89124735,"H71",469508.7888797,103555.7724845,""""""
"16_DS_140217_MO14","14/02/2017","11:57","DN","300","P73",468279.54646078,103393.89124735,"H71",469508.7888797,103555.7724845,""""""
"16_DS_140217_MO15","14/02/2017","12:05","DN","2600","P73",468279.54646078,103393.89124735,"H71",469508.7888797,103555.7724845,""""""
"16_DS_140217_MO16","14/02/2017","12:15","DN","1400","P73",468279.54646078,103393.89124735,"H71",469508.7888797,103555.7724845,""""""
"16_DS_140217_MO17","14/02/2017","12:25","DB","72","P10H",468276.53715399,104155.78272363,"P08A",467792.93977895,104694.73581295,""
"16_DS_140217_MO18","14/02/2017","12:30","AV","46","Aonmap",467679.730300522,104099.320392567,"P10H",468276.53715399,104155.78272363,"Moved to main lake from mud flat"
"16_DS_140317_MO1","14/03/2017","08:50","DB","27","Aonmap",467734.140152257,104036.35507148,"P10H",468276.53715399,104155.78272363,"Flew from mud at A to main lake"
"16_DS_140317_MO2","14/03/2017","09:15","SU","23","P10I",468700.88757511,103830.84924908,"Bonmap",469166.458030493,103537.009072611,"The deeps to feed on mud"
"16_DS_140317_MO3","14/03/2017","09:15","SV","12","P10I",468700.88757511,103830.84924908,"H71",469508.7888797,103555.7724845,""""
"16_DS_140317_MO5","14/03/2017","09:55","DN","30","P73",468279.54646078,103393.89124735,"Bonmap",468831.375273318,103869.904159351," "
"16_DS_140317_MO6","14/03/2017","10:30","CU","4","P73",468279.54646078,103393.89124735,"H71",469508.7888797,103555.7724845,"Moved in singles"
"16_DS_140317_MO7","14/03/2017","10:43","DB","22","P73",468279.54646078,103393.89124735,"P10I",468700.88757511,103830.84924908,"flew to the deeps"
"16_DS_140317_MO8","14/03/2017","10:43","SU","9","P73",468279.54646078,103393.89124735,"P10I",468700.88757511,103830.84924908,"flew to the deeps"
"16_DS_140317_MO9","14/03/2017","10:47","WN","300","P10I",468700.88757511,103830.84924908,"Bonmap",469142.366963082,103519.488429777,"Flushed by Heron. Flew to settle on channel at B on map"
"16_DS_140317_MO10","14/03/2017","10:47","DB","65","P10I",468700.88757511,103830.84924908,"Bonmap",469151.127526566,103574.240679691,""""
"16_DS_140317_MO11","14/03/2017","10:50","CU","1","P73",468279.54646078,103393.89124735,"H71",469508.7888797,103555.7724845,""
"16_DS_270317_MO3","27/03/2017","09:35","CU","1","P73",468279.54646078,103393.89124735,"H71",469508.7888797,103555.7724845," "
"16_DS_270317_MO4","27/03/2017","09:50","DB","55","Donmap",NA,NA,"P10H",468276.53715399,104155.78272363,"Flew to main lake"
"16_DS_270317_MO5","27/03/2017","09:50","DB","12","Donmap",NA,NA,"P10I",468700.88757511,103830.84924908,"Flew to The Deeps"
"16_DS_270317_MO6","27/03/2017","09:50","CU","1","P73",468279.54646078,103393.89124735,"H71",469508.7888797,103555.7724845," "
"16_DS_270317_MO7","27/03/2017","10:10","CU","2","P73",468279.54646078,103393.89124735,"H71",469508.7888797,103555.7724845," "
"6_DS_211016_MO13","21/10/2016",NA,"L","12","6_DS_211016_SC16",473656.489774454,104213.183476013,"6_DS_211016_SC17",473200.950474138,104125.581476988,""
"13_CL_211016_MO3","21/10/2016",NA,"DB","30","Eastof6_CL_211016_SC02",471174.744411803,104722.735097943,"13_CL_211016_SC08",471683.438709274,104741.929262597,""
"13_CL_211016_MO7","21/10/2016",NA,"DB","70","Harbour",470205.337245766,102313.639531371,"13_CL_211016_SC08",471597.056600991,104722.733567119,""
"13_CL_211016_MO8","21/10/2016",NA,"DB","40","Harbour",470330.111127669,102265.649057724,"13_CL_211016_SC01",470848.412926644,104905.098362633,""
"13_CL_211016_MO9","21/10/2016",NA,"DN","120","Harbour",470502.875135385,102246.452423064,"13_CL_211016_SC08",471625.850544298,104703.537454133,""
"13_CL_211016_MO10","21/10/2016",NA,"DB","390","13_CL_211016_SC11",471117.156177239,104665.147280853,"H90",470753.78717115,105416.39866674,"Disturbed and dropped into either site, later located roosting in H90."
"10_LM_311016_MO3","31/10/2016","13:54","DB","15","SA02",467580.272291445,99338.2677091587,"SA01",467897.008936356,100029.322871301,""
"1459","13/01/2017","10:51","Brent Goose (Dark-bellied)","63","C10B",476434.93231615,101650.14697689,"C10B",476434.93231615,101650.14697689,NA
"1460","13/01/2017","10:54","Brent Goose (Dark-bellied)","63","C10B",476434.93231615,101650.14697689,"C10B",476434.93231615,101650.14697689,NA
"1461","13/01/2017","11:08","Brent Goose (Dark-bellied)","63","C10B",476434.93231615,101650.14697689,"C10B",476434.93231615,101650.14697689,NA
"1511","03/02/2017","14:39","Brent Goose (Dark-bellied)","47","C10B",476434.93231615,101650.14697689,"C10B",476434.93231615,101650.14697689,NA
"1520","03/02/2017","15:09","Brent Goose (Dark-bellied)","47","C10B",476434.93231615,101650.14697689,"C10B",476434.93231615,101650.14697689,NA
"1521","03/02/2017","15:37","Brent Goose (Dark-bellied)","47","C10B",476434.93231615,101650.14697689,"C10B",476434.93231615,101650.14697689,NA
"1462","13/01/2017","11:08","Curlew","35","C10B",476434.93231615,101650.14697689,"C10B",476434.93231615,101650.14697689,NA
"1464","13/01/2017","11:20","Curlew","35","C10B",476434.93231615,101650.14697689,"C10B",476434.93231615,101650.14697689,NA
"1512","03/02/2017","14:39","Curlew","28","C10B",476434.93231615,101650.14697689,"C10B",476434.93231615,101650.14697689,NA
"1522","03/02/2017","15:37","Curlew","58","C10B",476434.93231615,101650.14697689,"C10B",476434.93231615,101650.14697689,NA
"1466","13/01/2017","11:20","Golden Plover","83","C10B",476434.93231615,101650.14697689,"C10B",476434.93231615,101650.14697689,NA
"1524","03/02/2017","15:37","Golden Plover","370","C10B",476434.93231615,101650.14697689,"C10B",476434.93231615,101650.14697689,NA
"1465","13/01/2017","11:20","Lapwing","175","C10B",476434.93231615,101650.14697689,"C10B",476434.93231615,101650.14697689,NA
"1523","03/02/2017","15:37","Lapwing","110","C10B",476434.93231615,101650.14697689,"C10B",476434.93231615,101650.14697689,NA
"CM_NEW_163","09/11/2016","08:28","Brent Goose (Dark-bellied)","15","C10F",475726.82052421,104264.92673192,"C10F",475726.82052421,104264.92673192,NA
"CM_NEW_149","09/11/2016","07:15","Brent Goose (Dark-bellied)","20","C10F",475726.82052421,104264.92673192,"C10F",475726.82052421,104264.92673192,NA
"2316","13/02/2017","13:47","Brent Goose (Dark-bellied)","200","C10M",475462.80986393,103694.81886931,"C10F",475726.82052421,104264.92673192,NA
"2318","13/02/2017","14:06","Brent Goose (Dark-bellied)","1100","C10M",475462.80986393,103694.81886931,"C10F",475726.82052421,104264.92673192,NA
"2323","13/02/2017","14:15","Curlew","36","C10M",475462.80986393,103694.81886931,"C10F",475726.82052421,104264.92673192,NA
"2312","13/02/2017","13:24","Brent Goose (Dark-bellied)","1050","C25",475171.68449755,103735.13734197,"C10F",475726.82052421,104264.92673192,NA
"2320","13/02/2017","14:15","Brent Goose (Dark-bellied)","1050","C25",475171.68449755,103735.13734197,"C10F",475726.82052421,104264.92673192,NA
"2322","13/02/2017","14:15","Lapwing","200","C25",475171.68449755,103735.13734197,"C10F",475726.82052421,104264.92673192,NA
"1479","13/01/2017","13:30","Brent Goose (Dark-bellied)","31","C25",475171.68449755,103735.13734197,"C10F",475726.82052421,104264.92673192,NA
"CM_NEW_43","31/10/2016","11:30","Lapwing","4","C42",475327.42480665,105305.0338858,"C10F",475726.82052421,104264.92673192,NA
"CM_NEW_45","31/10/2016","11:59","Redshank","3","C42",475327.42480665,105305.0338858,"C10F",475726.82052421,104264.92673192,NA
"CM_NEW_24","31/10/2016","11:59","Redshank","3","Chichester Harbour - 20429",NA,NA,"C10F",475726.82052421,104264.92673192,NA
"CM_NEW_148","09/11/2016","07:10","Brent Goose (Dark-bellied)","30","Chichester Harbour - 20423",NA,NA,"C10F",475726.82052421,104264.92673192,NA
"CM_NEW_150","09/11/2016","07:17","Brent Goose (Dark-bellied)","8","Chichester Harbour - 20423",NA,NA,"C10F",475726.82052421,104264.92673192,NA
"CM_NEW_151","09/11/2016","07:20","Brent Goose (Dark-bellied)","8","Chichester Harbour - 20423",NA,NA,"C10F",475726.82052421,104264.92673192,NA
"2338","03/03/2017","14:28","Brent Goose (Dark-bellied)","85","Chichester Harbour - 20430",NA,NA,"C10F",475726.82052421,104264.92673192,NA
"2356","03/03/2017","15:06","Brent Goose (Dark-bellied)","53","Chichester Harbour - 20430",NA,NA,"C10F",475726.82052421,104264.92673192,NA
"2319","13/02/2017","14:06","Lapwing","200","C10M",475462.80986393,103694.81886931,"C10M",475462.80986393,103694.81886931,NA
"1531","09/02/2017","10:28","Brent Goose (Dark-bellied)","99","C12",475782.58716075,102346.86812127,"C12",475782.58716075,102346.86812127,NA
"1532","09/02/2017","10:30","Brent Goose (Dark-bellied)","99","C12",475782.58716075,102346.86812127,"C12",475782.58716075,102346.86812127,NA
"","19/01/2017","13:17","Brent Goose (Dark-bellied)","700","C1E",477097.03640181,98222.69538327,"C1E",477097.03640181,98222.69538327,NA
"","19/01/2017","13:17","Brent Goose (Dark-bellied)","460","C1E",477097.03640181,98222.69538327,"C1E",477097.03640181,98222.69538327,NA
"","19/01/2017","14:05","Brent Goose (Dark-bellied)","955","C1E",477097.03640181,98222.69538327,"C1E",477097.03640181,98222.69538327,NA
"1927","09/02/2017","09:20","Brent Goose (Dark-bellied)","600","C1E",477097.03640181,98222.69538327,"C1E",477097.03640181,98222.69538327,NA
"1472","13/01/2017","13:00","Brent Goose (Dark-bellied)","75","C25",475171.68449755,103735.13734197,"C25",475171.68449755,103735.13734197,NA
"1473","13/01/2017","13:08","Brent Goose (Dark-bellied)","300","C25",475171.68449755,103735.13734197,"C25",475171.68449755,103735.13734197,NA
"1474","13/01/2017","13:11","Brent Goose (Dark-bellied)","30","C25",475171.68449755,103735.13734197,"C25",475171.68449755,103735.13734197,NA
"CM_NEW_199","09/11/2016","10:56","Brent Goose (Dark-bellied)","1","Chichester Harbour - 20423",NA,NA,"C25",475171.68449755,103735.13734197,NA
"759","25/01/2017","10:05","Lapwing","250","C33",474901.1280573,103656.52986518,"C33",474901.1280573,103656.52986518,NA
"1483","17/01/2017","13:21","Brent Goose (Dark-bellied)","180","C45",476194.98145018,106538.2277507,"C45",476194.98145018,106538.2277507,NA
"1488","17/01/2017","14:00","Brent Goose (Dark-bellied)","340","C45",476194.98145018,106538.2277507,"C45",476194.98145018,106538.2277507,NA
"1493","17/01/2017","14:29","Brent Goose (Dark-bellied)","520","C45",476194.98145018,106538.2277507,"C45",476194.98145018,106538.2277507,NA
"1494","17/01/2017","14:42","Brent Goose (Dark-bellied)","520","C45",476194.98145018,106538.2277507,"C45",476194.98145018,106538.2277507,NA
"1495","17/01/2017","14:44","Brent Goose (Dark-bellied)","520","C45",476194.98145018,106538.2277507,"C45",476194.98145018,106538.2277507,NA
"1496","17/01/2017","15:11","Brent Goose (Dark-bellied)","520","C45",476194.98145018,106538.2277507,"C45",476194.98145018,106538.2277507,NA
"1497","17/01/2017","15:37","Brent Goose (Dark-bellied)","275","C45",476194.98145018,106538.2277507,"C45",476194.98145018,106538.2277507,NA
"1498","17/01/2017","16:01","Brent Goose (Dark-bellied)","275","C45",476194.98145018,106538.2277507,"C45",476194.98145018,106538.2277507,NA
"1499","17/01/2017","16:05","Brent Goose (Dark-bellied)","275","C45",476194.98145018,106538.2277507,"C45",476194.98145018,106538.2277507,NA
"1500","17/01/2017","16:07","Brent Goose (Dark-bellied)","275","C45",476194.98145018,106538.2277507,"C45",476194.98145018,106538.2277507,NA
"1501","17/01/2017","16:23","Brent Goose (Dark-bellied)","275","C45",476194.98145018,106538.2277507,"C45",476194.98145018,106538.2277507,NA
"1913","12/01/2017","11:15","Brent Goose (Dark-bellied)","100","Chichester Harbour - 20429",NA,NA,"C45",476194.98145018,106538.2277507,NA
"1016","01/02/2017","12:25","Brent Goose (Dark-bellied)","16","Chichester Harbour - 20420",NA,NA,"C4A",483283.63784697,104305.99996605,NA
"1018","01/02/2017","13:51","Brent Goose (Dark-bellied)","1200","C9",478269.79156728,104170.96079996,"C8",478350.82415313,103609.48626983,NA
"1021.5","01/02/2017","15:30","Brent Goose (Dark-bellied)","600","C5B",480120.67944382,105107.88461362,"Chichester Harbour - 20420",NA,NA,NA
"1021.6","01/02/2017","15:30","Brent Goose (Dark-bellied)","400","C5B",480120.67944382,105107.88461362,"Chichester Harbour - 20420",NA,NA,NA
"1019","01/02/2017","13:53","Brent Goose (Dark-bellied)","1200","C8",478350.82415313,103609.48626983,"Chichester Harbour - 20422",NA,NA,NA
"1854","27/01/2017","12:01","Brent Goose (Dark-bellied)","110","H23E",473280.79356766,105162.29695097,"Chichester Harbour - 20429",NA,NA,NA
"","03/03/2017","12:05","Brent Goose (Dark-bellied)","1540","H59D",473472.23323297,103405.76460652,"Chichester Harbour - 20430",NA,NA,NA
"","03/03/2017","13:11","Brent Goose (Dark-bellied)","806","H59D",473472.23323297,103405.76460652,"Chichester Harbour - 20430",NA,NA,NA
"","03/03/2017","13:47","Brent Goose (Dark-bellied)","411","H59D",473472.23323297,103405.76460652,"Chichester Harbour - 20430",NA,NA,NA
"","03/03/2017","14:23","Brent Goose (Dark-bellied)","980","H59D",473472.23323297,103405.76460652,"Chichester Harbour - 20430",NA,NA,NA
"","03/03/2017","15:05","Brent Goose (Dark-bellied)","Uncounted - whole flock","H59D",473472.23323297,103405.76460652,"Chichester Harbour - 20430",NA,NA,NA
"","03/03/2017","13:48","Brent Goose (Dark-bellied)","670","H59E",473563.62089772,103113.01609426,"Chichester Harbour - 20430",NA,NA,NA
"437","17/01/2017","16:25","Brent Goose (Dark-bellied)","95","H67",473588.91726244,98679.78751365,"Chichester Harbour - 20434",NA,NA,NA
"96","09/11/2016","11:45","Brent Goose (Dark-bellied)","1000","H50B",472613.61596,100899.72956706,"Chichester Harbour-  20435",NA,NA,NA
"594","12/01/2017","09:40","Brent Goose (Dark-bellied)","25","F55",452523.38773339,103325.75122796,"F55",452523.38773339,103325.75122796,NA
"595","12/01/2017","09:52","Brent Goose (Dark-bellied)","40","F55",452523.38773339,103325.75122796,"F55",452523.38773339,103325.75122796,NA
"2388","20/03/2017","16:22","Brent Goose (Dark-bellied)","200","F55",452523.38773339,103325.75122796,"F55",452523.38773339,103325.75122796,NA
"2391","20/03/2017","17:22","Brent Goose (Dark-bellied)","200","F55",452523.38773339,103325.75122796,"F55",452523.38773339,103325.75122796,NA
"2287","20/03/2017","15:11","Curlew","13","F68",449273.05410069,104581.14526006,"F63",449526.67552325,104547.74415287,NA
"1931","03/03/2017","14:40","Brent Goose (Dark-bellied)","300","F65B",450128.71616011,104356.63389043,"F65B",450128.71616011,104356.63389043,NA
"12","09/11/2016","10:28","Black-tailed Godwit","1","F78",462403.4048222,104166.1888129,"P93",462576.26816624,104782.51780512,NA
"11","09/11/2016","10:28","Curlew","1","F78",462403.4048222,104166.1888129,"P93",462576.26816624,104782.51780512,NA
"10","09/11/2016","10:28","Oystercatcher","1","F78",462403.4048222,104166.1888129,"P93",462576.26816624,104782.51780512,NA
"9","09/11/2016","10:28","Redshank","1","F78",462403.4048222,104166.1888129,"P93",462576.26816624,104782.51780512,NA
"1034","01/02/2017","15:05","Brent Goose (Dark-bellied)","92","G31",460976.28234421,97773.46280037,"G01",460911.58052065,98127.93407213,NA
"2092","03/03/2017","13:50","Brent Goose (Dark-bellied)","44","G50",460863.17131458,97734.49423982,"G01",460911.58052065,98127.93407213,NA
"1988","03/03/2017","13:42","Brent Goose (Dark-bellied)","11","P35",463897.92408336,98618.55956038,"G01",460911.58052065,98127.93407213,NA
"1202","03/02/2017","15:05","Brent Goose (Dark-bellied)","60","G02",458879.90473251,99793.12180506,"G02",458879.90473251,99793.12180506,NA
"531","10/01/2017","09:55","Brent Goose (Dark-bellied)","4","G10",459261.74834092,99962.95440077,"G02",458879.90473251,99793.12180506,NA
"532","10/01/2017","09:58","Brent Goose (Dark-bellied)","7","G10",459261.74834092,99962.95440077,"G02",458879.90473251,99793.12180506,NA
"533","10/01/2017","10:04","Brent Goose (Dark-bellied)","5","G10",459261.74834092,99962.95440077,"G02",458879.90473251,99793.12180506,NA
"534","10/01/2017","10:07","Brent Goose (Dark-bellied)","10","G10",459261.74834092,99962.95440077,"G02",458879.90473251,99793.12180506,NA
"535","10/01/2017","10:09","Brent Goose (Dark-bellied)","7","G10",459261.74834092,99962.95440077,"G02",458879.90473251,99793.12180506,NA
"536","10/01/2017","10:16","Brent Goose (Dark-bellied)","4","G10",459261.74834092,99962.95440077,"G02",458879.90473251,99793.12180506,NA
"1049","01/02/2017","14:30","Brent Goose (Dark-bellied)","680","G10",459261.74834092,99962.95440077,"G02",458879.90473251,99793.12180506,NA
"530","10/01/2017","09:52","Brent Goose (Dark-bellied)","6","Portsmouth Harbour - 17426",NA,NA,"G10",459261.74834092,99962.95440077,NA
"1201","03/02/2017","15:05","Brent Goose (Dark-bellied)","490","G02",458879.90473251,99793.12180506,"G10",459261.74834092,99962.95440077,NA
"1203","03/02/2017","15:25","Brent Goose (Dark-bellied)","11","G02",458879.90473251,99793.12180506,"G10",459261.74834092,99962.95440077,NA
"1204","03/02/2017","15:45","Brent Goose (Dark-bellied)","500","G10",459261.74834092,99962.95440077,"G10",459261.74834092,99962.95440077,NA
"1207","03/02/2017","16:15","Brent Goose (Dark-bellied)","50","G15",458731.51702909,99258.51447031,"G10",459261.74834092,99962.95440077,NA
"1038","01/02/2017","11:42","Brent Goose (Dark-bellied)","17","G37",458995.03955831,98531.91269473,"G10",459261.74834092,99962.95440077,NA
"1044","01/02/2017","13:45","Brent Goose (Dark-bellied)","50","G63",461474.22687497,98247.86981832,"G10",459261.74834092,99962.95440077,NA
"1206","03/02/2017","15:50","Brent Goose (Dark-bellied)","50","G02",458879.90473251,99793.12180506,"G15",458731.51702909,99258.51447031,NA
"1722","24/02/2017","09:05","Brent Goose (Dark-bellied)","85","G02",458879.90473251,99793.12180506,"G15",458731.51702909,99258.51447031,NA
"1046","01/02/2017","13:45","Brent Goose (Dark-bellied)","20","G63",461474.22687497,98247.86981832,"G31",460976.28234421,97773.46280037,NA
"1035","01/02/2017","15:15","Brent Goose (Dark-bellied)","64","G03",461543.87197658,100007.61239571,"G32B",461689.64989048,99601.04676726,NA
"1084","01/02/2017","14:20","Black-tailed Godwit","200","G34",458695.38679768,104541.31429173,"G35",459934.4961691,103859.58859903,NA
"843","27/01/2017","11:20","Dunlin","300","G37",458995.03955831,98531.91269473,"G37",458995.03955831,98531.91269473,NA
"697","17/01/2017","15:40","Brent Goose (Dark-bellied)","100","G47",460980.46075965,100265.72240807,"G43",461265.35390554,100927.98434195,NA
"842","27/01/2017","11:15","Brent Goose (Dark-bellied)","225","G15",458731.51702909,99258.51447031,"G44",459386.79400315,100157.15760004,NA
"697.1","17/01/2017","15:40","Brent Goose (Dark-bellied)","100","G47",460980.46075965,100265.72240807,"G46",461286.16712685,99083.99283181,NA
"855","27/01/2017","12:20","Brent Goose (Dark-bellied)","380","Portsmouth Harbour - 17426",NA,NA,"G47",460980.46075965,100265.72240807,NA
"1045","01/02/2017","13:45","Brent Goose (Dark-bellied)","215","G63",461474.22687497,98247.86981832,"G50",460863.17131458,97734.49423982,NA
"490","10/01/2017","08:42","Brent Goose (Dark-bellied)","330","P70",460828.93696907,102394.13362503,"G51",461733.87442715,100936.03638305,NA
"692","17/01/2017","14:30","Brent Goose (Dark-bellied)","45","G50",460863.17131458,97734.49423982,"G63",461474.22687497,98247.86981832,NA
"","03/03/2017","15:35","Brent Goose (Dark-bellied)","170","G03",461543.87197658,100007.61239571,"GO3",NA,NA,NA
"","03/03/2017","15:35","Brent Goose (Dark-bellied)","320","G03",461543.87197658,100007.61239571,"G47",460980.46075965,100265.72240807,NA
"2733","24/02/2017","10:02","Curlew","40","H02A",469219.25286184,106732.24798142,"H02A",469219.25286184,106732.24798142,NA
"2720","27/01/2017","11:42","Brent Goose (Dark-bellied)","7","H02A",469219.25286184,106732.24798142,"H113",469176.00028123,107087.05245801,NA
"1540","14/12/2016","10:35","Oystercatcher","3","H23C",472970.28308631,105329.48082922,"H23C",472970.28308631,105329.48082922,NA
"1761","11/01/2017","09:45","Brent Goose (Dark-bellied)","6","H23E",473280.79356766,105162.29695097,"H23E",473280.79356766,105162.29695097,NA
"1762","11/01/2017","09:54","Brent Goose (Dark-bellied)","3","H23E",473280.79356766,105162.29695097,"H23E",473280.79356766,105162.29695097,NA
"1763","11/01/2017","09:58","Brent Goose (Dark-bellied)","14","H23E",473280.79356766,105162.29695097,"H23E",473280.79356766,105162.29695097,NA
"1764","11/01/2017","10:01","Brent Goose (Dark-bellied)","26","H23E",473280.79356766,105162.29695097,"H23E",473280.79356766,105162.29695097,NA
"1766","11/01/2017","10:44","Brent Goose (Dark-bellied)","154","H23E",473280.79356766,105162.29695097,"H23E",473280.79356766,105162.29695097,NA
"1840","27/01/2017","11:26","Brent Goose (Dark-bellied)","30","H23E",473280.79356766,105162.29695097,"H23E",473280.79356766,105162.29695097,NA
"1898","01/02/2017","15:04","Brent Goose (Dark-bellied)","392","H23E",473280.79356766,105162.29695097,"H23E",473280.79356766,105162.29695097,NA
"1900","01/02/2017","15:14","Brent Goose (Dark-bellied)","375","H23E",473280.79356766,105162.29695097,"H23E",473280.79356766,105162.29695097,NA
"1901","01/02/2017","15:15","Brent Goose (Dark-bellied)","375","H23E",473280.79356766,105162.29695097,"H23E",473280.79356766,105162.29695097,NA
"2581","03/02/2017","14:54","Brent Goose (Dark-bellied)","28","H23E",473280.79356766,105162.29695097,"H23E",473280.79356766,105162.29695097,NA
"2587","03/02/2017","15:09","Brent Goose (Dark-bellied)","502","H23E",473280.79356766,105162.29695097,"H23E",473280.79356766,105162.29695097,NA
"2591","03/02/2017","15:26","Brent Goose (Dark-bellied)","125","H23E",473280.79356766,105162.29695097,"H23E",473280.79356766,105162.29695097,NA
"2592","03/02/2017","15:30","Brent Goose (Dark-bellied)","1","H23E",473280.79356766,105162.29695097,"H23E",473280.79356766,105162.29695097,NA
"1547","14/12/2016","12:08","Brent Goose (Dark-bellied)","40","H23F",473467.34953284,105546.5454794,"H23F",473467.34953284,105546.5454794,NA
"1552.1","14/12/2016","12:25","Brent Goose (Dark-bellied)","400","H23F",473467.34953284,105546.5454794,"H23F",473467.34953284,105546.5454794,NA
"1853","27/01/2017","12:01","Brent Goose (Dark-bellied)","220","H23E",473280.79356766,105162.29695097,"H24E",472728.28722349,105302.69349251,NA
"2575","03/02/2017","14:32","Curlew","3","H24E",472728.28722349,105302.69349251,"H24E",472728.28722349,105302.69349251,NA
"2574","03/02/2017","14:32","Oystercatcher","33","H24E",472728.28722349,105302.69349251,"H24E",472728.28722349,105302.69349251,NA
"CM_NEW_252","09/11/2016","11:45","Brent Goose (Dark-bellied)","1000","Langstone Harbour - 17434",NA,NA,"H48F",471454.5581215,100926.28008963,NA
"CM_NEW_254","09/11/2016","12:05","Brent Goose (Dark-bellied)","200","Langstone Harbour - 17434",NA,NA,"H48F",471454.5581215,100926.28008963,NA
"CM_NEW_240","09/11/2016","09:50","Brent Goose (Dark-bellied)","360","Langstone Harbour - 17434",NA,NA,"H48F",471454.5581215,100926.28008963,NA
"87","09/11/2016","08:52","Brent Goose (Dark-bellied)","100","Chichester Harbour - 20435",NA,NA,"H50B",472613.61596,100899.72956706,NA
"1560","14/12/2016","11:25","Curlew","18","H59G",473609.66349299,102598.59435751,"H58A",473314.45233735,102297.93691842,NA
"2626","03/03/2017","13:11","Brent Goose (Dark-bellied)","730","H59D",473472.23323297,103405.76460652,"H59C",473746.51485136,103315.81171589,NA
"","03/03/2017","13:11","Brent Goose (Dark-bellied)","730","H59D",473472.23323297,103405.76460652,"H59C",473746.51485136,103315.81171589,NA
"1555","14/12/2016","10:15","Brent Goose (Dark-bellied)","1060","H60G",472974.90947481,102936.28677404,"H59C",473746.51485136,103315.81171589,NA
"","03/03/2017","12:15","Brent Goose (Dark-bellied)","400","Chichester Harbour - 20430",NA,NA,"H59D",473472.23323297,103405.76460652,NA
"","03/03/2017","12:39","Brent Goose (Dark-bellied)","28","Chichester Harbour - 20430",NA,NA,"H59D",473472.23323297,103405.76460652,NA
"","03/03/2017","12:42","Brent Goose (Dark-bellied)","100","Chichester Harbour - 20430",NA,NA,"H59D",473472.23323297,103405.76460652,NA
"","03/03/2017","12:48","Brent Goose (Dark-bellied)","28","Chichester Harbour - 20430",NA,NA,"H59D",473472.23323297,103405.76460652,NA
"","03/03/2017","12:50","Brent Goose (Dark-bellied)","14","Chichester Harbour - 20430",NA,NA,"H59D",473472.23323297,103405.76460652,NA
"","03/03/2017","12:54","Brent Goose (Dark-bellied)","30","Chichester Harbour - 20430",NA,NA,"H59D",473472.23323297,103405.76460652,NA
"","03/03/2017","12:54-12:56","Brent Goose (Dark-bellied)","940","Chichester Harbour - 20430",NA,NA,"H59D",473472.23323297,103405.76460652,NA
"2634","03/03/2017","13:34","Brent Goose (Dark-bellied)","1311","H59C",473746.51485136,103315.81171589,"H59D",473472.23323297,103405.76460652,NA
"","03/03/2017","13:34","Brent Goose (Dark-bellied)","1311","H59C",473746.51485136,103315.81171589,"H59D",473472.23323297,103405.76460652,NA
"2640","03/03/2017","13:50","Brent Goose (Dark-bellied)","80","H59E",473563.62089772,103113.01609426,"H59D",473472.23323297,103405.76460652,NA
"2651","03/03/2017","15:35","Brent Goose (Dark-bellied)","1300","H59E",473563.62089772,103113.01609426,"H59D",473472.23323297,103405.76460652,NA
"","03/03/2017","13:50","Brent Goose (Dark-bellied)","80","H59E",473563.62089772,103113.01609426,"H59D",473472.23323297,103405.76460652,NA
"","03/03/2017","15:35","Brent Goose (Dark-bellied)","1300","H59E",473563.62089772,103113.01609426,"H59D",473472.23323297,103405.76460652,NA
"2627","03/03/2017","13:11","Brent Goose (Dark-bellied)","4","H59D",473472.23323297,103405.76460652,"H59E",473563.62089772,103113.01609426,NA
"2636","03/03/2017","13:47","Brent Goose (Dark-bellied)","800","H59D",473472.23323297,103405.76460652,"H59E",473563.62089772,103113.01609426,NA
"2643","03/03/2017","14:23","Brent Goose (Dark-bellied)","280","H59D",473472.23323297,103405.76460652,"H59E",473563.62089772,103113.01609426,NA
"2649","03/03/2017","15:05","Brent Goose (Dark-bellied)","370","H59D",473472.23323297,103405.76460652,"H59E",473563.62089772,103113.01609426,NA
"","03/03/2017","13:11","Brent Goose (Dark-bellied)","4","H59D",473472.23323297,103405.76460652,"H59E",473563.62089772,103113.01609426,NA
"","03/03/2017","13:47","Brent Goose (Dark-bellied)","800","H59D",473472.23323297,103405.76460652,"H59E",473563.62089772,103113.01609426,NA
"","03/03/2017","14:23","Brent Goose (Dark-bellied)","280","H59D",473472.23323297,103405.76460652,"H59E",473563.62089772,103113.01609426,NA
"","03/03/2017","15:05","Brent Goose (Dark-bellied)","370","H59D",473472.23323297,103405.76460652,"H59E",473563.62089772,103113.01609426,NA
"925","01/02/2017","13:50","Brent Goose (Dark-bellied)","3","H59E",473563.62089772,103113.01609426,"H59E",473563.62089772,103113.01609426,NA
"CM_NEW_200","09/11/2016","11:00","Lapwing","75","Chichester Harbour - 20423",NA,NA,"H60D",472511.73828606,103489.40666555,NA
"1557","14/12/2016","10:47","Brent Goose (Dark-bellied)","70","H50B",472613.61596,100899.72956706,"H60G",472974.90947481,102936.28677404,NA
"1559","14/12/2016","11:20","Brent Goose (Dark-bellied)","140","H50B",472613.61596,100899.72956706,"H60G",472974.90947481,102936.28677404,NA
"1566","14/12/2016","12:14","Brent Goose (Dark-bellied)","33","H50B",472613.61596,100899.72956706,"H60G",472974.90947481,102936.28677404,NA
"918","01/02/2017","12:50","Brent Goose (Dark-bellied)","350","H60G",472974.90947481,102936.28677404,"H60G",472974.90947481,102936.28677404,NA
"1238","03/02/2017","14:30","Brent Goose (Dark-bellied)","600","H60O",472825.84760122,102561.43784482,"H60G",472974.90947481,102936.28677404,NA
"84","09/11/2016","07:16","Brent Goose (Dark-bellied)","9","Chichester Harbour - 20429",NA,NA,"H60P",473026.89811114,102636.82021792,NA
"CM_NEW_158","09/11/2016","08:05","Brent Goose (Dark-bellied)","25","H59A",473481.80282189,103748.10921777,"H65",473011.28944291,103850.84346263,NA
"813","27/01/2017","12:12","Brent Goose (Dark-bellied)","70","H70",470148.51647097,104094.00639233,"H68",469072.79586922,105044.25394384,NA
"1118","01/02/2017","15:28","Brent Goose (Dark-bellied)","50","H70",470148.51647097,104094.00639233,"H68",469072.79586922,105044.25394384,NA
"1119","01/02/2017","15:28","Lapwing","60","H70",470148.51647097,104094.00639233,"H68",469072.79586922,105044.25394384,NA
"1224","03/02/2017","14:20","Lapwing","60","P10D",468707.41902202,104420.18421682,"H68",469072.79586922,105044.25394384,NA
"800","27/01/2017","09:08","Brent Goose (Dark-bellied)","50","H07A",469753.80631038,105508.18517493,"H69",469268.1214828,104585.6375337,NA
"803","27/01/2017","09:50","Brent Goose (Dark-bellied)","120","H68",469072.79586922,105044.25394384,"H69",469268.1214828,104585.6375337,NA
"1111","01/02/2017","13:15","Brent Goose (Dark-bellied)","100","P10D",468707.41902202,104420.18421682,"H69",469268.1214828,104585.6375337,NA
"2080","03/03/2017","15:10","Brent Goose (Dark-bellied)","200","P10D",468707.41902202,104420.18421682,"H69",469268.1214828,104585.6375337,NA
"2084","03/03/2017","15:15","Brent Goose (Dark-bellied)","500","P10I",468700.88757511,103830.84924908,"H69",469268.1214828,104585.6375337,NA
"2066","03/03/2017","12:14","Brent Goose (Dark-bellied)","500","P10L",468445.66736372,103912.23183184,"H69",469268.1214828,104585.6375337,NA
"790","27/01/2017","08:54","Brent Goose (Dark-bellied)","14","H07A",469753.80631038,105508.18517493,"H70",470148.51647097,104094.00639233,NA
"1115","01/02/2017","15:00","Curlew","9","H28C",471258.15992527,104858.68836398,"H70",470148.51647097,104094.00639233,NA
"1223","03/02/2017","14:20","Lapwing","300","P10D",468707.41902202,104420.18421682,"H70",470148.51647097,104094.00639233,NA
"CM_NEW_142","31/10/2016","14:00","Dunlin","1","Langstone Harbour - 17432",NA,NA,"H72",469900.68411626,103188.19509045,NA
"CM_NEW_184","09/11/2016","10:22","Lapwing","35","H93",473148.49308481,104145.52107315,"H91",474343.45227264,104445.06519471,NA
"1827","27/01/2017","09:50","Black-tailed Godwit","100","H103",473607.96265395,104964.63052268,"H91",474343.45227264,104445.06519471,NA
"1791","17/01/2017","16:35","Brent Goose (Dark-bellied)","218","H23E",473280.79356766,105162.29695097,"H91",474343.45227264,104445.06519471,NA
"CM_NEW_185","09/11/2016","10:25","Lapwing","80","H91",474343.45227264,104445.06519471,"H91",474343.45227264,104445.06519471,NA
"1792","17/01/2017","16:35","Brent Goose (Dark-bellied)","218","H23E",473280.79356766,105162.29695097,"H92",472859.21734879,104671.27271945,NA
"2709","11/01/2017","09:45","Brent Goose (Dark-bellied)","800","Langstone Harbour - 17433",NA,NA,"Langstone Harbour - 17433",NA,NA,NA
"985","01/02/2017","12:40","Brent Goose (Dark-bellied)","750","H48D",471501.20073111,101319.67631806,"Langstone Harbour - 17434",NA,NA,NA
"CM_NEW_13","31/10/2016","12:00","Brent Goose (Dark-bellied)","1","H48G",471328.14234356,100617.4971531,"Langstone Harbour - 17434",NA,NA,NA
"1276","09/02/2017","11:35","Brent Goose (Dark-bellied)","5","P127",468385.71371682,99416.60920312,"Langstone Harbour - 17434",NA,NA,NA
"303","31/10/2016","12:28","Brent Goose (Dark-bellied)","95","P11",467506.6530882,103011.14040931,"Langstone Harbour - 17930",NA,NA,NA
"2449","24/02/2017","10:00","Brent Goose (Dark-bellied)","166","P54",467116.06502043,101304.11723772,"Langstone Harbour - 17930",NA,NA,NA
"1360","13/02/2017","12:32","Brent Goose (Dark-bellied)","150","P52",467459.27614198,101381.65553922,"Langstone Harbour - 17930",NA,NA,NA
"1294","09/02/2017","15:16","Brent Goose (Dark-bellied)","14","P127",468385.71371682,99416.60920312,"Langstone Harbour - 17930 ",NA,NA,NA
"2157","03/03/2017","12:15","Brent Goose (Dark-bellied)","500","P52",467459.27614198,101381.65553922,"P08",NA,NA,NA
"2418","14/12/2016","11:15","Brent Goose (Dark-bellied)","702","P08A",467792.93977895,104694.73581295,"P08A",467792.93977895,104694.73581295,NA
"2420","14/12/2016","11:18","Brent Goose (Dark-bellied)","714","P08A",467792.93977895,104694.73581295,"P08A",467792.93977895,104694.73581295,NA
"811","27/01/2017","11:49","Brent Goose (Dark-bellied)","100","P10D",468707.41902202,104420.18421682,"P08A",467792.93977895,104694.73581295,NA
"2083","03/03/2017","15:10","Brent Goose (Dark-bellied)","300","P10D",468707.41902202,104420.18421682,"P08A",467792.93977895,104694.73581295,NA
"2081","03/03/2017","15:10","Brent Goose (Dark-bellied)","300","P10D",468707.41902202,104420.18421682,"P102",462370.61562604,105084.04771898,NA
"804","27/01/2017","09:50","Brent Goose (Dark-bellied)","100","H68",469072.79586922,105044.25394384,"P10D",468707.41902202,104420.18421682,NA
"2077","03/03/2017","13:19","Brent Goose (Dark-bellied)","300","P08A",467792.93977895,104694.73581295,"P10D",468707.41902202,104420.18421682,NA
"1231","03/02/2017","15:12","Brent Goose (Dark-bellied)","8","P08A",467792.93977895,104694.73581295,"P10H",468276.53715399,104155.78272363,NA
"2065","03/03/2017","12:10","Brent Goose (Dark-bellied)","540","P08A",467792.93977895,104694.73581295,"P10H",468276.53715399,104155.78272363,NA
"2082","03/03/2017","15:10","Brent Goose (Dark-bellied)","200","P10D",468707.41902202,104420.18421682,"P10H",468276.53715399,104155.78272363,NA
"305","31/10/2016","12:38","Grey Plover","17","P73",468279.54646078,103393.89124735,"P10H",468276.53715399,104155.78272363,NA
"1112","01/02/2017","13:20","Brent Goose (Dark-bellied)","100","H70",470148.51647097,104094.00639233,"P10I",468700.88757511,103830.84924908,NA
"1117","01/02/2017","15:28","Brent Goose (Dark-bellied)","70","H70",470148.51647097,104094.00639233,"P10I",468700.88757511,103830.84924908,NA
"380","31/10/2016","14:49","Brent Goose (Dark-bellied)","54","P11",467506.6530882,103011.14040931,"P11",467506.6530882,103011.14040931,NA
"2163","03/03/2017","12:50","Brent Goose (Dark-bellied)","8","P12",467208.8058406,102537.973819,"P11",467506.6530882,103011.14040931,NA
"947","01/02/2017","12:13","Brent Goose (Dark-bellied)","27","P12",467208.8058406,102537.973819,"P12",467208.8058406,102537.973819,NA
"1338","13/02/2017","10:35","Brent Goose (Dark-bellied)","23","P12",467208.8058406,102537.973819,"P12",467208.8058406,102537.973819,NA
"1372","13/02/2017","14:06","Brent Goose (Dark-bellied)","8","P12",467208.8058406,102537.973819,"P12",467208.8058406,102537.973819,NA
"1374","13/02/2017","14:45","Brent Goose (Dark-bellied)","14","P12",467208.8058406,102537.973819,"P12",467208.8058406,102537.973819,NA
"1975","03/03/2017","12:35","Redshank","15","P80",464642.14782659,103905.97822138,"P135",468856.06157536,105467.73432723,NA
"1976","03/03/2017","12:40","Redshank","23","P80",464642.14782659,103905.97822138,"P135",468856.06157536,105467.73432723,NA
"2437","24/02/2017","09:10","Brent Goose (Dark-bellied)","19","Langstone Harbour - 17930",NA,NA,"P20",466919.08103441,101369.10303087,NA
"2439","24/02/2017","09:12","Brent Goose (Dark-bellied)","58","Langstone Harbour - 17930",NA,NA,"P20",466919.08103441,101369.10303087,NA
"2443","24/02/2017","09:19","Brent Goose (Dark-bellied)","2","Langstone Harbour - 17930",NA,NA,"P20",466919.08103441,101369.10303087,NA
"2446","24/02/2017","09:30","Brent Goose (Dark-bellied)","1","Langstone Harbour - 17930",NA,NA,"P54",467116.06502043,101304.11723772,NA
"2447","24/02/2017","09:36","Brent Goose (Dark-bellied)","4","Langstone Harbour - 17930",NA,NA,"P54",467116.06502043,101304.11723772,NA
"2458","24/02/2017","10:15","Brent Goose (Dark-bellied)","5","P23A",467525.19086555,101266.66656701,"P54",467116.06502043,101304.11723772,NA
"2438","24/02/2017","09:10","Brent Goose (Dark-bellied)","2","Langstone Harbour - 17930",NA,NA,"P23A",467525.19086555,101266.66656701,NA
"2450","24/02/2017","10:00","Brent Goose (Dark-bellied)","167","P54",467116.06502043,101304.11723772,"P23A",467525.19086555,101266.66656701,NA
"2527","03/02/2017","14:13","Brent Goose (Dark-bellied)","80","P23A",467525.19086555,101266.66656701,"P23A",467525.19086555,101266.66656701,NA
"2521","03/02/2017","14:00","Brent Goose (Dark-bellied)","60","P52",467459.27614198,101381.65553922,"P23A",467525.19086555,101266.66656701,NA
"2467","24/02/2017","10:30","Brent Goose (Dark-bellied)","34","P52",467459.27614198,101381.65553922,"P23A",467525.19086555,101266.66656701,NA
"1346","13/02/2017","11:45","Brent Goose (Dark-bellied)","49","Langstone Harbour - 17930",NA,NA,"P23B",467758.77497234,100140.75406065,NA
"1356","13/02/2017","12:28","Brent Goose (Dark-bellied)","65","P23A",467525.19086555,101266.66656701,"P23B",467758.77497234,100140.75406065,NA
"1360.1","13/02/2017","12:32","Brent Goose (Dark-bellied)","75","P52",467459.27614198,101381.65553922,"P23B",467758.77497234,100140.75406065,NA
"1359","13/02/2017","12:32","Brent Goose (Dark-bellied)","35","P23A",467525.19086555,101266.66656701,"P23R",467602.01756086,101399.29016582,NA
"2165","03/03/2017","12:58","Brent Goose (Dark-bellied)","6","P52",467459.27614198,101381.65553922,"P23R",467602.01756086,101399.29016582,NA
"885.1","27/01/2017","10:51","Brent Goose (Dark-bellied)","25","P32A",465997.97864355,98419.62983061,"P31",466732.73994516,98698.64473825,NA
"885","27/01/2017","10:51","Brent Goose (Dark-bellied)","325","P32B",466163.42563037,98450.66425379,"P32A",465997.97864355,98419.62983061,NA
"884","27/01/2017","10:32","Brent Goose (Dark-bellied)","325","P32A",465997.97864355,98419.62983061,"P32B",466163.42563037,98450.66425379,NA
"664","17/01/2017","15:13","Brent Goose (Dark-bellied)","72","P35",463897.92408336,98618.55956038,"P35",463897.92408336,98618.55956038,NA
"665","17/01/2017","15:17","Brent Goose (Dark-bellied)","72","P35",463897.92408336,98618.55956038,"P35",463897.92408336,98618.55956038,NA
"882","27/01/2017","10:18","Brent Goose (Dark-bellied)","72","P35",463897.92408336,98618.55956038,"P35",463897.92408336,98618.55956038,NA
"887","27/01/2017","11:24","Brent Goose (Dark-bellied)","168","P35",463897.92408336,98618.55956038,"P35",463897.92408336,98618.55956038,NA
"888","27/01/2017","11:30","Brent Goose (Dark-bellied)","168","P35",463897.92408336,98618.55956038,"P35",463897.92408336,98618.55956038,NA
"1292","09/02/2017","15:07","Brent Goose (Dark-bellied)","26","P35",463897.92408336,98618.55956038,"P35",463897.92408336,98618.55956038,NA
"1621","24/02/2017","07:41","Brent Goose (Dark-bellied)","9","P35",463897.92408336,98618.55956038,"P35",463897.92408336,98618.55956038,NA
"1987","03/03/2017","13:42","Brent Goose (Dark-bellied)","13","P35",463897.92408336,98618.55956038,"P35",463897.92408336,98618.55956038,NA
"2258","21/03/2017","15:01","Brent Goose (Dark-bellied)","32","P40A",464733.75658388,103304.95598697,"P40A",464733.75658388,103304.95598697,NA
"2259","21/03/2017","15:07","Brent Goose (Dark-bellied)","38","P40A",464733.75658388,103304.95598697,"P40A",464733.75658388,103304.95598697,NA
"2260","21/03/2017","15:11","Brent Goose (Dark-bellied)","38","P40A",464733.75658388,103304.95598697,"P40A",464733.75658388,103304.95598697,NA
"2261","21/03/2017","15:16","Brent Goose (Dark-bellied)","34","P40A",464733.75658388,103304.95598697,"P40A",464733.75658388,103304.95598697,NA
"554","10/01/2017","09:13","Brent Goose (Dark-bellied)","18","P80",464642.14782659,103905.97822138,"P40A",464733.75658388,103304.95598697,NA
"1641","24/02/2017","07:41","Brent Goose (Dark-bellied)","76","P80",464642.14782659,103905.97822138,"P40A",464733.75658388,103304.95598697,NA
"1642","24/02/2017","07:51","Brent Goose (Dark-bellied)","50","P80",464642.14782659,103905.97822138,"P40A",464733.75658388,103304.95598697,NA
"1643","24/02/2017","07:52","Brent Goose (Dark-bellied)","14","P80",464642.14782659,103905.97822138,"P40A",464733.75658388,103304.95598697,NA
"2266","21/03/2017","16:34","Brent Goose (Dark-bellied)","11","P80",464642.14782659,103905.97822138,"P40A",464733.75658388,103304.95598697,NA
"1645","24/02/2017","09:20","Brent Goose (Dark-bellied)","135","P80",464642.14782659,103905.97822138,"P48A",463204.34003778,104876.6096962,NA
"2454","24/02/2017","10:06","Brent Goose (Dark-bellied)","23","Langstone Harbour - 17930",NA,NA,"P52",467459.27614198,101381.65553922,NA
"2451","24/02/2017","10:00","Brent Goose (Dark-bellied)","167","P20",466919.08103441,101369.10303087,"P52",467459.27614198,101381.65553922,NA
"2452","24/02/2017","10:02","Brent Goose (Dark-bellied)","245","P20",466919.08103441,101369.10303087,"P52",467459.27614198,101381.65553922,NA
"2457","24/02/2017","10:11","Brent Goose (Dark-bellied)","34","P54",467116.06502043,101304.11723772,"P52",467459.27614198,101381.65553922,NA
"1363","13/02/2017","12:44","Brent Goose (Dark-bellied)","62","P23A",467525.19086555,101266.66656701,"P52",467459.27614198,101381.65553922,NA
"2468","24/02/2017","10:32","Brent Goose (Dark-bellied)","34","P23A",467525.19086555,101266.66656701,"P52",467459.27614198,101381.65553922,NA
"2175","03/03/2017","14:50","Brent Goose (Dark-bellied)","56","P23B",467758.77497234,100140.75406065,"P52",467459.27614198,101381.65553922,NA
"1365","13/02/2017","12:48","Brent Goose (Dark-bellied)","21","P23R",467602.01756086,101399.29016582,"P52",467459.27614198,101381.65553922,NA
"2470","24/02/2017","10:31","Brent Goose (Dark-bellied)","350","P52",467459.27614198,101381.65553922,"P52",467459.27614198,101381.65553922,NA
"1391","13/02/2017","12:33","Brent Goose (Dark-bellied)","16","P54",467116.06502043,101304.11723772,"P52",467459.27614198,101381.65553922,NA
"1398","13/02/2017","13:05","Brent Goose (Dark-bellied)","50","P54",467116.06502043,101304.11723772,"P52",467459.27614198,101381.65553922,NA
"1392","13/02/2017","12:33","Oystercatcher","20","P54",467116.06502043,101304.11723772,"P52",467459.27614198,101381.65553922,NA
"2474","24/02/2017","11:05","Brent Goose (Dark-bellied)","3","P20",466919.08103441,101369.10303087,"P54",467116.06502043,101304.11723772,NA
"1380","13/02/2017","10:42","Brent Goose (Dark-bellied)","2","P52",467459.27614198,101381.65553922,"P54",467116.06502043,101304.11723772,NA
"1382","13/02/2017","11:03","Brent Goose (Dark-bellied)","2","P52",467459.27614198,101381.65553922,"P54",467116.06502043,101304.11723772,NA
"1384","13/02/2017","11:10","Brent Goose (Dark-bellied)","1","P52",467459.27614198,101381.65553922,"P54",467116.06502043,101304.11723772,NA
"1385","13/02/2017","11:16","Brent Goose (Dark-bellied)","5","P52",467459.27614198,101381.65553922,"P54",467116.06502043,101304.11723772,NA
"2511","27/01/2017","12:20","Brent Goose (Dark-bellied)","67","P68",462636.97154043,105619.51969742,"P67",462466.14945045,105564.55793833,NA
"304","31/10/2016","12:38","Dunlin","900","P73",468279.54646078,103393.89124735,"P72",468981.07993983,103332.24413924,NA
"552","10/01/2017","09:03","Brent Goose (Dark-bellied)","13","P40A",464733.75658388,103304.95598697,"P80",464642.14782659,103905.97822138,NA
"555","10/01/2017","09:16","Brent Goose (Dark-bellied)","18","P40A",464733.75658388,103304.95598697,"P80",464642.14782659,103905.97822138,NA
"1644","24/02/2017","08:50","Brent Goose (Dark-bellied)","135","P40A",464733.75658388,103304.95598697,"P80",464642.14782659,103905.97822138,NA
"1406","13/02/2017","07:20","Brent Goose (Dark-bellied)","4","P80",464642.14782659,103905.97822138,"P80",464642.14782659,103905.97822138,NA
"1634","24/02/2017","06:45","Brent Goose (Dark-bellied)","52","P80",464642.14782659,103905.97822138,"P80",464642.14782659,103905.97822138,NA
"2242","10/03/2017","08:05","Brent Goose (Dark-bellied)","100","P85",467631.30876778,103073.14324513,"P85",467631.30876778,103073.14324513,NA
"7","09/11/2016","10:12","Black-tailed Godwit","16","F78",462403.4048222,104166.1888129,"P92",461757.94438153,104259.25310203,NA
"4","09/11/2016","10:02","Turnstone","42","P93",462576.26816624,104782.51780512,"P93",462576.26816624,104782.51780512,NA
"2488","27/01/2017","09:02","Brent Goose (Dark-bellied)","64","P102",462370.61562604,105084.04771898,"P94",462860.04457978,105614.07715795,NA
"2487","27/01/2017","09:00","Brent Goose (Dark-bellied)","200","P68",462636.97154043,105619.51969742,"P98",462451.68569693,104948.91176844,NA
"228","31/10/2016","12:45","Brent Goose (Dark-bellied)","8","F78",462403.4048222,104166.1888129,"Portsmouth Harbour - 17425",NA,NA,NA
"CM_NEW_141","31/10/2016","13:40","Brent Goose (Dark-bellied)","4","P11",467506.6530882,103011.14040931,"Portsmouth Harbour - 17425",NA,NA,NA
"381","31/10/2016","14:50","Brent Goose (Dark-bellied)","54","P11",467506.6530882,103011.14040931,"Portsmouth Harbour - 17425",NA,NA,NA
"2495","27/01/2017","10:32","Brent Goose (Dark-bellied)","48","P98",462451.68569693,104948.91176844,"Portsmouth Harbour - 17425",NA,NA,NA
"853","27/01/2017","11:57","Brent Goose (Dark-bellied)","465","G47",460980.46075965,100265.72240807,"Portsmouth Harbour - 17426",NA,NA,NA
"1360.2","13/02/2017","12:32","Brent Goose (Dark-bellied)","30","P52",467459.27614198,101381.65553922,"P23B",467758.77497234,100140.75406065,NA
