"time","h"
2011-09-26 21:52:20,4.71
2011-09-27 10:06:00,4.73
2011-09-27 22:24:58,4.69
2011-09-28 10:50:15,4.9
2011-09-28 23:06:20,4.9
2011-09-29 11:30:33,4.92
2011-09-30 14:17:18,4.73
2011-10-01 00:39:12,4.75
2011-10-01 13:02:28,4.71
2011-10-02 01:20:36,4.48
2011-10-02 13:51:55,4.46
2011-10-03 04:01:54,4.3
2011-10-03 15:06:25,4.3
2011-10-04 05:08:15,4.19
2011-10-04 16:39:47,4.3
2011-10-05 05:40:35,4.09
2011-10-05 17:13:02,3.83
2011-10-06 06:44:23,3.99
2011-10-06 06:46:26,3.99
2011-10-06 18:52:28,3.97
2011-10-07 08:55:13,4.27
2011-10-07 20:12:24,3.96
2011-10-08 08:27:32,4.06
2011-10-08 20:41:39,4.14
2011-10-09 08:59:51,4.13
2011-10-09 21:18:18,4.28
2011-10-10 09:29:27,4.46
2011-10-10 21:47:29,4.44
2011-10-11 10:17:47,4.46
2011-10-11 22:19:04,4.48
2011-10-12 10:39:16,4.55
2011-10-12 22:50:20,4.44
2011-10-13 11:05:28,4.44
2011-10-13 23:23:45,4.38
2011-10-14 11:36:55,4.36
2011-10-14 23:49:08,4.32
2011-10-15 12:02:16,4.4
2011-10-16 00:20:36,4.3
2011-10-16 12:37:41,4.32
2011-10-17 00:55:55,4.21
2011-10-17 13:16:04,4.28
2011-10-18 01:29:14,4.17
2011-10-18 13:56:07,4.4
2011-10-19 04:05:09,4.19
2011-10-19 16:05:01,4.05
2011-10-20 04:32:34,3.95
2011-10-20 15:55:54,3.77
2011-10-21 05:14:14,3.87
2011-10-21 17:24:20,3.7
2011-10-22 06:42:33,4.15
2011-10-22 18:40:28,3.94
2011-10-23 07:23:07,4.42
2011-10-23 19:35:14,4.52
2011-10-24 07:59:37,4.71
2011-10-24 20:15:48,4.73
2011-10-25 08:58:29,4.78
2011-10-25 21:17:38,4.82
2011-10-26 09:42:01,5.05
2011-10-26 21:55:09,5
2011-10-27 10:23:37,5.21
2011-10-27 22:43:50,4.94
2011-10-28 11:13:10,4.98
2011-10-28 23:34:26,4.88
2011-10-29 11:57:42,4.92
2011-10-30 00:15:54,4.84
2011-10-30 12:44:19,4.82
2011-10-31 03:13:37,4.67
2011-10-31 13:32:32,4.65
2011-10-31 15:06:30,4.48
2011-11-01 02:00:18,4.46
2011-11-01 14:25:38,4.4
2011-11-02 04:40:54,4.5
2011-11-02 15:46:58,4.27
2011-11-03 04:59:07,4.4
2011-11-03 16:33:36,4.3
2011-11-04 05:34:34,4.3
2011-11-04 18:24:12,4.03
2011-11-05 08:23:09,4.22
2011-11-05 19:30:11,3.94
2011-11-06 07:37:06,4.03
2011-11-06 19:59:28,3.87
2011-11-07 08:28:51,4.11
2011-11-07 10:08:45,4.18
2011-11-07 20:45:20,4.15
2011-11-08 09:01:34,4.36
2011-11-08 21:11:36,4.32
2011-11-09 09:37:58,4.48
2011-11-09 21:51:03,4.4
2011-11-10 10:16:18,4.48
2011-11-10 22:28:21,4.44
2011-11-11 10:40:25,4.63
2011-11-11 23:00:39,4.46
2011-11-12 11:03:30,4.42
2011-11-12 23:33:53,4.42
2011-11-13 11:36:50,4.57
2011-11-14 00:01:12,4.38
2011-11-14 12:16:21,4.39
2011-11-15 02:55:17,4.39
2011-11-15 12:53:13,4.32
2011-11-16 03:13:25,4.32
2011-11-16 13:36:45,4.28
2011-11-17 03:20:24,4.25
2011-11-17 14:35:35,4.13
2011-11-18 03:18:09,4.23
2011-11-18 15:21:08,4.01
2011-11-19 04:31:13,4.3
2011-11-19 16:36:13,4.01
2011-11-20 06:57:27,4.21
2011-11-20 17:56:20,4.05
2011-11-21 06:32:50,4.32
2011-11-21 19:09:33,4.29
2011-11-22 07:32:52,4.5
2011-11-22 20:04:15,4.34
2011-11-23 08:19:51,4.55
2011-11-23 20:52:20,4.5
2011-11-24 09:24:49,4.77
2011-11-24 21:48:10,4.71
2011-11-25 10:02:18,4.61
2011-11-25 22:31:42,4.9
2011-11-26 10:56:01,4.86
2011-11-26 23:22:23,4.65
2011-11-27 11:37:32,4.78
2011-11-28 02:11:05,5.15
2011-11-28 12:22:09,4.55
2011-11-29 00:54:42,4.55
2011-11-29 13:16:48,4.82
2011-11-30 04:03:52,4.34
2011-11-30 14:10:50,4.53
2011-12-01 04:26:59,4.3
2011-12-01 14:55:21,4.09
2011-12-02 04:24:44,4.78
2011-12-02 15:52:08,3.87
2011-12-03 04:26:35,4.17
2011-12-03 18:49:48,4.22
2011-12-04 05:44:34,4.32
2011-12-04 17:42:26,3.99
2011-12-04 21:36:17,3.4
2011-12-05 07:58:32,4.13
2011-12-05 19:12:02,3.91
2011-12-06 07:38:17,4.13
2011-12-06 21:57:33,4.27
2011-12-07 08:41:13,4.3
2011-12-07 22:25:25,4.25
2011-12-08 09:03:57,4.44
2011-12-08 21:28:40,3.93
2011-12-09 11:35:49,4.69
2011-12-09 22:00:22,4.53
2011-12-10 10:28:52,4.5
2011-12-10 22:38:52,4.46
2011-12-11 10:58:06,4.63
2011-12-11 23:19:17,4.59
2011-12-12 11:24:40,4.75
2011-12-13 00:20:13,4.92
2011-12-13 13:47:42,4.45
2011-12-14 00:15:03,4.61
2011-12-14 12:44:00,4.71
2011-12-15 01:05:16,4.77
2011-12-15 13:35:51,4.42
2011-12-16 02:51:52,4.86
2011-12-16 13:59:42,4.46
2011-12-17 04:48:31,4.55
2011-12-17 17:02:34,4.07
2011-12-18 05:17:46,4.46
2011-12-18 16:03:23,3.99
2011-12-19 05:01:11,4.38
2011-12-19 17:08:12,4.1
2011-12-20 06:50:50,4.32
2011-12-20 18:32:32,4.34
2011-12-21 07:23:54,4.34
2011-12-21 19:41:04,4.15
2011-12-22 08:06:55,4.34
2011-12-22 20:46:35,4.46
2011-12-23 09:01:46,4.63
2011-12-23 21:33:11,4.59
2011-12-24 09:49:42,4.63
2011-12-24 22:23:10,4.44
2011-12-25 10:45:28,4.84
2011-12-25 23:08:47,4.55
2011-12-26 11:32:09,5
2011-12-26 23:58:25,4.36
2011-12-27 12:16:35,4.75
2011-12-28 03:00:06,4.53
2011-12-28 12:58:57,4.42
2011-12-29 01:13:13,4.28
2011-12-29 13:40:39,4.71
2011-12-30 04:12:01,4.4
2011-12-30 14:31:19,4.35
2011-12-31 02:49:25,4.09
2011-12-31 14:57:24,4.11
2012-01-01 03:31:48,4.23
2012-01-01 15:52:05,3.99
2012-01-02 05:12:18,4.27
2012-01-02 16:56:53,3.79
2012-01-03 05:02:50,4.15
2012-01-03 20:42:14,3.67
2012-01-04 08:30:54,4.25
2012-01-04 19:43:59,3.71
2012-01-05 07:28:49,3.88
2012-01-05 21:54:43,4.28
2012-01-06 10:32:21,4.19
2012-01-06 21:18:02,3.76
2012-01-07 09:32:20,4.21
2012-01-07 21:51:29,4.38
2012-01-08 10:04:47,4.38
2012-01-08 22:32:03,4.17
2012-01-09 10:37:09,4.3
2012-01-09 23:03:26,4.48
2012-01-10 11:17:15,4.34
2012-01-10 23:41:28,4.42
2012-01-11 11:51:27,4.42
2012-01-12 00:13:45,4.4
2012-01-12 12:30:54,4.42
2012-01-13 00:59:10,4.69
2012-01-13 13:09:15,4.44
2012-01-14 01:41:38,4.32
2012-01-14 13:52:39,4.34
2012-01-15 04:16:55,4.46
2012-01-15 14:35:03,4.27
2012-01-16 04:51:07,4.32
2012-01-16 15:27:35,4.05
2012-01-17 05:55:52,4.25
2012-01-17 17:00:06,4.05
2012-01-18 18:23:09,3.84
2012-01-19 06:54:37,4.59
2012-01-19 21:08:55,4.12
2012-01-20 07:56:45,4.42
2012-01-20 22:26:18,4.4
2012-01-21 08:54:40,4.34
2012-01-21 21:38:24,4.77
2012-01-22 09:58:39,4.7
2012-01-22 22:35:10,4.63
2012-01-23 10:41:09,4.61
2012-01-23 23:01:19,4.67
2012-01-24 11:16:27,4.77
2012-01-24 23:39:38,4.63
2012-01-25 11:58:51,4.64
2012-01-26 00:21:11,4.65
2012-01-26 12:28:19,4.59
2012-01-27 00:50:01,4.53
2012-01-27 13:08:49,4.42
2012-01-28 01:33:13,4.36
2012-01-28 13:36:27,4.11
2012-01-29 03:45:34,4.05
2012-01-29 14:16:56,3.97
2012-01-30 04:34:22,4.03
2012-01-30 15:01:58,3.76
2012-01-31 04:41:44,3.79
2012-01-31 15:48:44,3.58
2012-02-01 04:46:47,3.66
2012-02-01 16:59:53,3.27
2012-02-02 06:38:28,3.43
2012-02-02 18:51:42,3.33
2012-02-03 07:10:05,3.47
2012-02-03 19:44:52,3.56
2012-02-04 08:18:13,3.58
2012-02-04 20:52:48,3.74
2012-02-05 08:57:18,3.68
2012-02-05 21:27:59,3.99
2012-02-06 09:57:27,4.02
2012-02-06 22:04:45,4.11
2012-02-07 10:15:54,4.19
2012-02-07 22:36:30,4.19
2012-02-08 10:59:45,4.25
2012-02-08 23:18:16,4.32
2012-02-09 11:31:23,4.48
2012-02-10 00:00:45,4.55
2012-02-10 12:09:58,4.5
2012-02-11 00:34:11,4.44
2012-02-11 12:55:25,4.52
2012-02-12 01:18:40,4.42
2012-02-12 13:31:49,4.34
2012-02-13 02:00:19,4.34
2012-02-13 14:19:55,4.15
2012-02-14 04:28:10,4.42
2012-02-14 17:11:04,3.95
2012-02-15 05:30:25,4.19
2012-02-15 17:51:46,3.93
2012-02-16 06:02:50,3.89
2012-02-16 19:29:06,3.7
2012-02-17 07:02:27,3.93
2012-02-17 20:40:36,3.83
2012-02-18 07:54:07,4.01
2012-02-18 20:31:41,4.19
2012-02-19 08:58:23,4.3
2012-02-19 23:10:26,4.09
2012-02-20 09:41:57,4.07
2012-02-20 22:11:37,4.21
2012-02-21 10:25:44,4.57
2012-02-21 22:48:12,4.36
2012-02-22 11:02:22,4.47
2012-02-22 23:25:45,4.52
2012-02-23 11:35:43,4.65
2012-02-23 23:55:15,4.42
2012-02-24 12:12:27,4.53
2012-02-25 00:24:53,4.46
2012-02-25 12:36:56,4.42
2012-02-26 02:50:08,4.25
2012-02-26 13:07:28,4.21
2012-02-27 01:25:49,4.09
2012-02-27 13:51:03,4.07
2012-02-28 02:16:29,4.03
2012-02-28 16:03:25,4.03
2012-02-29 04:17:10,3.95
2012-02-29 16:30:48,3.76
2012-03-01 04:23:39,3.72
2012-03-01 17:27:48,3.56
2012-03-02 04:51:08,3.54
2012-03-02 17:41:55,3.39
2012-03-03 06:12:47,3.52
2012-03-03 18:43:20,3.41
2012-03-04 07:38:29,3.7
2012-03-04 21:52:33,3.85
2012-03-05 08:23:01,3.77
2012-03-05 20:58:51,4.13
2012-03-06 09:21:28,4.03
2012-03-06 21:45:41,4.27
2012-03-07 09:51:43,4.48
2012-03-07 22:30:00,4.73
2012-03-08 10:26:30,4.55
2012-03-08 23:01:10,4.55
2012-03-09 11:13:11,4.57
2012-03-09 23:33:23,4.73
2012-03-10 11:55:35,4.69
2012-03-11 00:16:01,4.69
2012-03-11 12:34:12,4.59
2012-03-12 01:04:41,4.57
2012-03-12 13:18:56,4.5
2012-03-13 01:39:11,4.4
2012-03-13 14:02:15,4.19
2012-03-14 04:20:59,4.15
2012-03-14 16:58:09,4.06
2012-03-15 04:38:45,4.05
2012-03-15 17:49:51,4.03
2012-03-16 04:54:05,3.93
2012-03-16 18:37:34,3.87
2012-03-17 06:14:01,3.95
2012-03-17 18:58:21,4.01
2012-03-18 07:35:40,4.01
2012-03-18 21:25:47,4.03
2012-03-19 08:51:47,3.94
2012-03-19 10:03:52,3.82
2012-03-19 21:09:41,4.03
2012-03-20 09:36:23,4.17
2012-03-20 21:48:41,4.25
2012-03-21 10:00:44,4.28
2012-03-21 22:22:11,4.28
2012-03-22 10:33:42,4.36
2012-03-22 22:54:04,4.46
2012-03-23 11:08:19,4.44
2012-03-23 23:21:57,4.42
2012-03-24 11:42:27,4.42
2012-03-24 23:52:59,4.4
2012-03-25 12:07:59,4.3
2012-03-26 00:23:37,4.23
2012-03-26 12:45:12,4.13
2012-03-27 00:59:24,4.09
2012-03-27 13:23:14,4.02
2012-03-28 01:32:45,3.95
2012-03-28 15:41:12,3.95
2012-03-29 03:34:05,3.95
2012-03-29 16:28:08,3.89
2012-03-30 03:53:40,3.79
2012-03-30 16:44:57,3.81
2012-03-31 03:55:34,3.56
2012-03-31 15:03:03,3.27
2012-03-31 17:36:37,3.85
2012-04-01 05:22:02,3.43
2012-04-01 19:42:31,3.67
2012-04-02 07:01:05,3.76
2012-04-02 21:01:21,3.97
2012-04-03 07:51:14,4.01
2012-04-03 20:19:13,4.28
2012-04-04 08:41:52,4.36
2012-04-04 21:02:33,4.42
2012-04-05 09:30:11,4.36
2012-04-05 21:48:27,4.52
2012-04-06 10:01:44,4.52
2012-04-06 22:28:40,4.82
2012-04-07 10:42:51,4.9
2012-04-07 23:11:13,4.92
2012-04-08 11:31:26,4.86
2012-04-08 23:52:12,4.9
2012-04-09 12:13:27,5.07
2012-04-10 00:32:03,5.07
2012-04-10 12:58:15,4.92
2012-04-11 01:22:54,4.9
2012-04-11 13:49:02,4.65
2012-04-12 02:12:47,4.57
2012-04-12 16:36:54,4.48
2012-04-13 03:18:11,4.3
2012-04-13 17:18:40,4.3
2012-04-14 04:33:22,4.13
2012-04-14 18:20:56,4.11
2012-04-15 06:00:38,3.81
2012-04-15 19:57:08,3.99
2012-04-16 07:19:16,3.79
2012-04-16 21:20:26,4.05
2012-04-17 07:57:56,4.21
2012-04-17 20:51:35,4.44
2012-04-18 08:56:51,4.74
2012-04-18 21:13:09,4.57
2012-04-19 09:31:28,4.53
2012-04-19 21:48:40,4.55
2012-04-20 10:09:00,4.57
2012-04-20 22:30:58,4.69
2012-04-21 10:44:26,4.65
2012-04-21 22:57:38,4.59
2012-04-22 11:12:11,4.59
2012-04-22 23:27:16,4.63
2012-04-23 11:49:38,4.75
2012-04-24 00:03:55,4.44
2012-04-24 12:18:29,4.38
2012-04-25 00:22:46,4.48
2012-04-25 13:14:56,4.78
2012-04-26 01:11:46,4.82
2012-04-26 13:26:23,4.46
2012-04-27 01:49:33,4.3
2012-04-27 15:52:37,4.19
2012-04-28 02:23:29,3.95
2012-04-28 16:00:34,4.01
2012-04-29 03:37:20,3.66
2012-04-29 16:50:50,4.09
2012-04-30 05:22:27,3.99
2012-04-30 17:29:50,4.03
2012-05-01 06:01:44,3.87
2012-05-01 18:39:32,4.03
2012-05-02 07:03:00,3.85
2012-05-02 19:46:16,4.23
2012-05-03 07:57:25,4.27
2012-05-03 20:25:51,4.46
2012-05-04 08:54:11,4.5
2012-05-04 21:19:59,4.71
2012-05-05 09:34:26,4.67
2012-05-05 22:02:48,4.8
2012-05-06 10:26:26,4.8
2012-05-06 22:40:38,4.92
2012-05-07 11:19:15,4.94
2012-05-07 23:35:25,4.96
2012-05-08 11:56:12,4.84
2012-05-09 00:17:50,4.86
2012-05-09 12:49:39,4.8
2012-05-10 01:08:27,4.86
2012-05-10 15:57:26,4.55
2012-05-11 02:01:24,4.53
2012-05-11 16:36:22,4.27
2012-05-12 03:04:49,4.03
2012-05-12 17:32:12,4.07
2012-05-13 04:15:02,3.72
2012-05-13 17:59:55,4.03
2012-05-14 05:26:21,3.79
2012-05-14 18:26:42,4.3
2012-05-15 06:18:25,3.73
2012-05-15 19:30:08,4.19
2012-05-16 07:35:29,3.79
2012-05-16 21:45:01,4.1
2012-05-17 08:15:43,3.99
2012-05-17 20:55:34,4.28
2012-05-18 09:05:10,4.21
2012-05-18 21:31:19,4.44
2012-05-19 09:41:41,4.28
2012-05-19 21:56:56,4.38
2012-05-20 10:22:34,4.27
2012-05-20 22:26:30,4.38
2012-05-21 10:56:18,4.28
2012-05-21 23:07:33,4.46
2012-05-22 11:37:14,4.35
2012-05-22 23:37:30,4.38
2012-05-23 12:00:28,4.34
2012-05-24 00:14:58,4.3
2012-05-24 14:39:52,4.25
2012-05-25 00:50:03,4.23
2012-05-25 15:00:47,4.23
2012-05-26 01:31:21,4.11
2012-05-26 15:44:20,4.19
2012-05-27 02:08:52,4.13
2012-05-27 16:11:06,4.25
2012-05-28 03:01:18,4.01
2012-05-28 17:20:48,4.17
2012-05-29 04:10:46,3.89
2012-05-29 18:21:33,4.1
2012-05-30 05:25:37,3.97
2012-05-30 18:05:29,4.13
2012-05-31 06:29:13,3.97
2012-05-31 19:22:44,4.22
2012-06-01 07:23:12,4.15
2012-06-01 19:54:19,4.4
2012-06-02 08:26:00,4.34
2012-06-02 20:55:31,4.61
2012-06-03 09:20:07,4.67
2012-06-03 21:39:45,4.82
2012-06-04 10:16:46,4.73
2012-06-04 22:30:59,4.78
2012-06-05 10:57:22,4.67
2012-06-05 23:17:58,4.88
2012-06-06 11:46:42,4.86
2012-06-07 00:04:38,4.86
2012-06-07 12:40:40,4.96
2012-06-08 00:59:13,5.13
2012-06-08 13:23:16,4.59
2012-06-09 01:41:45,4.48
2012-06-09 14:47:50,4.52
2012-06-10 02:43:10,4.34
2012-06-10 16:56:23,4.38
2012-06-11 03:39:10,4.21
2012-06-11 16:28:04,4.3
2012-06-12 04:35:24,3.99
2012-06-12 17:32:41,4.19
2012-06-13 05:39:18,3.85
2012-06-13 18:39:22,4.09
2012-06-14 06:37:27,3.83
2012-06-14 20:58:32,4.21
2012-06-15 07:47:35,4.03
2012-06-15 20:19:01,4.21
2012-06-16 08:37:17,4.2
2012-06-16 20:52:50,4.3
2012-06-17 09:18:33,4.03
2012-06-17 21:44:15,4.15
2012-06-18 09:58:25,4.19
2012-06-18 22:10:42,4.27
2012-06-19 10:37:29,4.21
2012-06-19 22:46:51,4.28
2012-06-20 11:09:12,4.36
2012-06-20 23:26:46,4.4
2012-06-21 11:51:00,4.42
2012-06-21 23:45:52,4.53
2012-06-22 12:21:26,4.38
2012-06-23 00:29:26,4.28
2012-06-23 12:58:24,4.34
2012-06-24 01:06:40,4.44
2012-06-24 13:39:43,4.28
2012-06-25 01:47:23,4.32
2012-06-25 16:10:48,4.38
2012-06-26 02:40:33,4.13
2012-06-26 17:04:14,4.3
2012-06-27 03:25:35,3.95
2012-06-27 17:59:27,4.19
2012-06-28 05:35:21,4.07
2012-06-28 17:23:36,4.35
2012-06-29 05:42:14,4.15
2012-06-29 18:26:05,4.28
2012-06-30 06:54:43,4.21
2012-06-30 19:38:04,4.43
2012-07-01 07:55:21,4.28
2012-07-01 20:34:59,4.48
2012-07-02 09:03:38,4.52
2012-07-02 21:33:23,4.63
2012-07-03 09:58:46,4.59
2012-07-03 22:23:37,4.75
2012-07-04 10:44:29,4.71
2012-07-04 23:07:36,4.8
2012-07-05 11:38:09,4.73
2012-07-06 00:01:12,4.77
2012-07-06 12:23:54,4.72
2012-07-07 00:36:20,4.75
2012-07-07 13:00:39,4.78
2012-07-08 01:20:57,4.73
2012-07-08 13:47:34,4.55
2012-07-09 01:58:41,4.44
2012-07-09 16:14:52,4.44
2012-07-10 02:50:25,4.25
2012-07-10 16:52:45,4.27
2012-07-11 03:32:24,3.99
2012-07-11 17:01:23,4.13
2012-07-12 04:48:08,3.89
2012-07-12 17:36:56,4.13
2012-07-13 05:50:21,3.7
2012-07-13 18:27:39,4.03
2012-07-14 07:02:23,3.89
2012-07-14 19:21:15,4.03
2012-07-15 08:11:21,3.83
2012-07-15 20:33:32,3.99
2012-07-16 08:49:24,4.03
2012-07-16 21:08:07,4.15
2012-07-17 09:37:27,4.15
2012-07-17 21:48:54,4.17
2012-07-18 10:18:19,4.23
2012-07-18 21:17:38,3.65
2012-07-19 10:46:31,4.5
2012-07-19 22:59:08,4.46
2012-07-20 11:22:28,4.44
2012-07-20 23:29:00,4.46
2012-07-21 12:04:03,4.46
2012-07-22 00:10:38,4.44
2012-07-22 12:45:23,4.43
2012-07-23 00:56:33,4.38
2012-07-23 13:12:41,4.48
2012-07-24 01:25:06,4.38
2012-07-24 15:47:51,4.44
2012-07-25 02:21:42,4.32
2012-07-25 16:36:02,4.42
2012-07-26 03:02:55,4.17
2012-07-26 17:25:34,4.34
2012-07-27 04:03:02,4.01
2012-07-27 16:58:00,4.25
2012-07-28 05:44:59,4.03
2012-07-28 18:03:36,4.19
2012-07-29 06:43:25,4.05
2012-07-29 19:14:51,4.25
2012-07-30 07:56:38,4.21
2012-07-30 20:42:49,4.36
2012-07-31 09:09:13,4.48
2012-07-31 21:19:26,4.53
2012-08-01 09:50:07,4.59
2012-08-01 22:13:46,4.71
2012-08-02 10:40:20,4.73
2012-08-02 22:52:54,4.8
2012-08-03 11:20:29,4.73
2012-08-03 23:36:12,4.84
2012-08-04 12:08:36,4.82
2012-08-05 00:11:53,4.78
2012-08-05 12:40:31,4.73
2012-08-06 00:49:53,4.67
2012-08-06 13:12:13,4.59
2012-08-07 01:26:29,4.46
2012-08-07 14:12:21,4.38
2012-08-08 02:08:19,4.21
2012-08-08 16:10:22,4.19
2012-08-09 02:44:02,3.93
2012-08-09 16:38:17,4.01
2012-08-10 03:47:35,3.7
2012-08-10 17:02:49,3.79
2012-08-11 05:28:23,3.62
2012-08-11 18:05:53,3.8
2012-08-12 06:06:14,3.7
2012-08-12 18:24:31,3.79
2012-08-13 08:10:27,3.85
2012-08-13 19:55:17,3.91
2012-08-14 08:28:53,3.99
2012-08-14 20:52:24,4.13
2012-08-15 11:15:49,4.36
2012-08-15 21:27:07,4.57
2012-08-16 09:48:32,4.4
2012-08-16 22:11:07,4.52
2012-08-17 10:29:41,4.67
2012-08-17 22:39:46,4.59
2012-08-18 10:53:50,4.67
2012-08-18 23:13:42,4.71
2012-08-19 11:37:24,4.81
2012-08-19 23:44:38,4.71
2012-08-20 12:15:04,4.78
2012-08-21 00:28:34,4.73
2012-08-21 12:52:53,4.71
2012-08-22 01:08:23,4.61
2012-08-22 13:32:46,4.63
2012-08-23 01:49:36,4.5
2012-08-23 16:08:17,4.52
2012-08-24 02:44:52,4.36
2012-08-24 17:10:39,4.63
2012-08-25 05:18:04,4.4
2012-08-25 16:33:50,4.38
2012-08-26 05:04:19,4.09
2012-08-26 18:41:09,4.19
2012-08-27 07:10:42,4.11
2012-08-27 19:18:50,4.25
2012-08-28 07:46:35,4.17
2012-08-28 20:34:36,4.47
2012-08-29 08:54:55,4.46
2012-08-29 21:06:30,4.59
2012-08-30 09:32:59,4.46
2012-08-30 21:54:54,4.69
2012-08-31 10:19:25,4.53
2012-08-31 22:43:47,4.52
2012-09-01 11:01:04,4.57
2012-09-01 23:16:13,4.67
2012-09-02 11:34:10,4.67
2012-09-02 23:45:39,4.63
2012-09-03 12:08:54,4.55
2012-09-04 00:25:21,4.5
2012-09-04 12:40:42,4.44
2012-09-05 00:54:57,4.42
2012-09-05 15:10:39,4.28
2012-09-06 01:29:56,4.11
2012-09-06 15:32:10,4.05
2012-09-07 02:18:09,3.91
2012-09-07 16:06:19,4.11
2012-09-08 04:38:52,3.87
2012-09-08 16:07:35,3.83
2012-09-09 05:20:01,3.81
2012-09-09 16:52:48,3.83
2012-09-10 05:30:22,3.73
2012-09-10 18:07:09,3.76
2012-09-11 06:39:00,3.68
2012-09-11 19:37:31,3.85
2012-09-12 08:23:37,4.03
2012-09-12 20:23:15,4.02
2012-09-13 08:37:59,4.25
2012-09-13 20:59:47,4.13
2012-09-14 09:24:40,4.48
2012-09-14 21:33:09,4.73
2012-09-15 09:55:36,4.57
2012-09-15 22:15:10,4.65
2012-09-16 10:32:23,4.78
2012-09-16 22:44:38,4.82
2012-09-17 11:15:18,4.93
2012-09-17 23:25:04,4.88
2012-09-18 11:46:35,4.92
2012-09-19 00:10:34,4.85
2012-09-19 12:30:37,4.8
2012-09-20 00:52:52,4.68
2012-09-20 13:11:44,4.67
2012-09-21 01:33:42,4.52
2012-09-21 15:49:24,4.55
2012-09-22 04:14:43,4.38
2012-09-22 16:48:08,4.27
2012-09-23 05:18:51,4.15
2012-09-23 18:08:26,4.39
2012-09-24 06:48:57,4.46
2012-09-24 17:34:18,4.13
2012-09-25 06:37:31,4.25
2012-09-25 19:01:30,4.34
2012-09-26 07:51:47,4.53
2012-09-26 20:06:46,4.4
2012-09-27 08:36:20,4.46
2012-09-27 20:56:12,4.5
2012-09-28 09:16:54,4.61
2012-09-28 21:35:22,4.59
2012-09-29 10:01:10,4.65
2012-09-29 22:13:18,4.57
2012-09-30 10:33:40,4.57
2012-09-30 22:45:28,4.57
2012-10-01 11:12:51,4.78
2012-10-01 23:22:02,4.69
2012-10-02 11:35:49,4.69
2012-10-02 23:55:13,4.71
2012-10-03 12:15:57,4.67
2012-10-04 00:19:36,4.53
2012-10-04 13:10:51,4.49
2012-10-05 01:09:39,4.63
2012-10-05 13:03:48,4.36
2012-10-06 03:29:53,4.44
2012-10-06 15:32:04,4.21
2012-10-07 04:21:38,4.1
2012-10-07 15:44:14,3.99
2012-10-08 04:22:27,4.03
2012-10-08 16:03:05,3.9
2012-10-09 05:36:19,4.03
2012-10-09 16:52:54,3.74
2012-10-10 06:06:43,3.85
2012-10-10 18:25:22,3.81
2012-10-11 07:01:09,4.11
2012-10-11 19:33:49,4.13
2012-10-12 08:01:30,4.25
2012-10-12 20:20:08,4.44
2012-10-13 08:29:26,4.48
2012-10-13 20:55:57,4.59
2012-10-14 09:22:30,4.78
2012-10-14 21:44:05,4.78
2012-10-15 10:01:37,4.94
2012-10-15 22:24:05,5.07
2012-10-16 10:37:32,5.03
2012-10-16 23:06:05,5.11
2012-10-17 11:28:33,5.36
2012-10-17 23:44:06,5.15
2012-10-18 12:07:52,5.14
2012-10-19 00:30:10,4.86
2012-10-19 12:54:38,4.86
2012-10-20 01:28:16,4.67
2012-10-20 13:40:54,4.65
2012-10-21 04:19:43,4.52
2012-10-21 14:42:19,4.34
2012-10-22 05:12:01,4.32
2012-10-22 16:08:03,4.17
2012-10-23 06:04:18,4.17
2012-10-23 17:20:54,3.97
2012-10-24 06:18:02,4.15
2012-10-24 18:38:33,4.03
2012-10-25 07:22:41,4.34
2012-10-25 19:35:00,4.19
2012-10-26 09:49:20,4.21
2012-10-26 20:45:36,4.21
2012-10-27 10:50:50,4.4
2012-10-27 23:20:21,4.25
2012-10-28 09:46:24,4.46
2012-10-28 21:48:27,4.55
2012-10-29 10:19:16,4.88
2012-10-29 22:18:47,4.77
2012-10-30 10:47:18,4.75
2012-10-30 22:55:13,4.65
2012-10-31 11:13:45,4.94
2012-10-31 23:18:06,4.88
2012-11-01 11:46:40,4.92
2012-11-02 00:06:57,4.86
2012-11-02 12:17:35,4.71
2012-11-03 00:31:03,4.59
2012-11-03 12:34:04,4.65
2012-11-04 03:26:47,4.59
2012-11-04 13:15:33,4.53
2012-11-05 01:46:27,4.46
2012-11-05 14:04:54,4.17
2012-11-06 04:19:32,4.11
2012-11-06 15:00:07,3.74
2012-11-07 05:15:13,4.23
2012-11-07 16:00:53,3.64
2012-11-08 05:54:08,3.97
2012-11-08 17:27:49,3.89
2012-11-09 07:16:22,4.05
2012-11-09 18:36:53,3.93
2012-11-10 07:18:33,4.48
2012-11-10 19:44:19,4.46
2012-11-11 08:02:39,4.53
2012-11-11 20:22:58,4.44
2012-11-12 08:49:53,4.67
2012-11-13 09:35:48,4.8
2012-11-13 22:01:22,4.75
2012-11-14 10:19:44,4.86
2012-11-14 22:43:34,4.8
2012-11-15 11:05:04,4.94
2012-11-15 23:36:28,4.81
2012-11-16 11:49:47,4.94
2012-11-17 00:19:06,4.86
2012-11-17 12:45:56,4.81
2012-11-18 03:16:47,4.69
2012-11-18 13:29:55,4.61
2012-11-19 03:57:23,4.61
2012-11-19 14:26:57,4.5
2012-11-20 03:21:18,4.34
2012-11-20 15:27:51,4.63
2012-11-21 06:25:52,4.34
2012-11-21 16:51:25,4.19
2012-11-22 06:28:05,4.46
2012-11-22 18:01:39,4.28
2012-11-23 07:03:09,3.95
2012-11-23 19:05:40,4.27
2012-11-24 09:16:08,4.34
2012-11-24 21:58:17,4.42
2012-11-25 08:51:15,4.25
2012-11-25 21:03:22,4.52
2012-11-26 09:08:31,4.8
2012-11-26 21:26:07,4.3
2012-11-27 09:48:33,4.48
2012-11-27 22:06:10,4.23
2012-11-28 10:16:46,4.44
2012-11-28 22:47:56,4.44
2012-11-29 10:53:23,4.46
2012-11-29 23:16:06,4.42
2012-11-30 11:22:17,4.5
2012-11-30 23:42:49,4.48
2012-12-01 11:53:21,4.42
2012-12-02 01:53:46,4.42
2012-12-02 12:29:26,4.38
2012-12-03 02:32:35,4.34
2012-12-03 12:50:02,4.15
2012-12-04 03:12:52,4.32
2012-12-04 13:44:51,4.23
2012-12-05 04:01:35,4.23
2012-12-05 14:37:31,3.87
2012-12-06 04:50:57,4.27
2012-12-06 15:45:29,3.91
2012-12-07 03:46:38,3.79
2012-12-07 18:12:38,4.07
2012-12-08 06:54:22,3.85
2012-12-08 18:05:45,3.74
2012-12-09 06:34:34,4.07
2012-12-09 18:59:05,4.32
2012-12-10 07:28:41,4.4
2012-12-10 19:54:20,4.17
2012-12-11 08:19:49,4.38
2012-12-11 20:56:36,4.3
2012-12-12 09:15:45,4.67
2012-12-12 21:37:23,4.67
2012-12-13 09:59:49,4.9
2012-12-13 22:35:34,4.94
2012-12-14 10:46:23,5.25
2012-12-14 23:11:27,5.07
2012-12-15 11:43:11,5.13
2012-12-16 00:11:29,5.07
2012-12-16 12:26:06,5
2012-12-17 02:55:53,5
2012-12-17 13:23:27,4.84
2012-12-18 03:46:06,4.73
2012-12-18 14:08:40,4.46
2012-12-19 04:33:28,4.48
2012-12-19 14:55:17,4.4
2012-12-20 05:32:20,4.38
2012-12-20 15:56:15,4.23
2012-12-21 04:29:39,4.05
2012-12-21 17:08:28,3.86
2012-12-22 06:21:26,4.42
2012-12-22 18:11:20,3.91
2012-12-23 06:33:56,4.07
2012-12-23 19:28:04,3.81
2012-12-24 08:02:49,4.5
2012-12-24 20:05:59,4.19
2012-12-25 10:09:29,4.75
2012-12-25 23:11:38,4.28
2012-12-26 09:15:38,4.59
2012-12-26 22:00:47,4.44
2012-12-27 09:53:47,4.6
2012-12-27 22:17:18,4.52
2012-12-28 10:35:11,4.4
2012-12-28 22:54:46,4.42
2012-12-29 11:15:21,4.82
2012-12-30 01:48:03,4.71
2012-12-30 11:47:08,4.67
2012-12-31 00:12:57,4.55
2012-12-31 12:04:54,4.78
2013-01-01 00:28:40,4.44
2013-01-01 12:44:18,4.75
2013-01-02 03:17:29,4.44
2013-01-02 13:30:11,4.35
2013-01-03 03:53:39,4.23
2013-01-03 14:22:39,4.27
2013-01-04 04:23:42,4.23
2013-01-04 15:00:23,3.95
2013-01-05 05:12:59,4.21
2013-01-05 16:00:46,3.87
2013-01-06 05:49:51,4.05
2013-01-06 18:16:16,3.93
2013-01-07 06:08:22,4.01
2013-01-07 18:37:04,4.01
2013-01-08 07:08:47,4.22
2013-01-08 19:30:42,4.17
2013-01-09 08:02:33,4.38
2013-01-09 21:57:45,4.46
2013-01-10 09:02:03,4.61
2013-01-10 21:31:46,4.53
2013-01-11 09:57:36,4.67
2013-01-11 22:27:10,4.78
2013-01-12 10:44:44,5.11
2013-01-12 23:10:31,4.82
2013-01-13 11:27:11,4.86
2013-01-13 23:57:57,4.71
2013-01-14 12:15:28,4.82
2013-01-15 00:44:01,4.65
2013-01-15 12:53:52,4.82
2013-01-16 03:28:55,4.59
2013-01-16 13:40:25,4.55
2013-01-17 03:55:50,4.57
2013-01-17 14:34:40,4.39
2013-01-18 04:29:49,4.52
2013-01-18 15:00:30,4.25
2013-01-19 03:52:27,4.32
2013-01-19 17:42:37,3.89
2013-01-20 06:11:18,4.09
2013-01-20 17:19:26,3.81
2013-01-21 06:01:43,3.97
2013-01-21 18:20:06,3.39
2013-01-22 07:03:20,3.97
2013-01-22 20:08:42,3.89
2013-01-23 08:08:53,3.97
2013-01-23 20:37:52,3.98
2013-01-24 09:06:57,4.09
2013-01-24 21:29:55,4.07
2013-01-25 09:38:38,4.25
2013-01-25 22:06:36,4.55
2013-01-26 10:05:34,4.19
2013-01-27 00:08:51,4.67
2013-01-27 10:45:25,4.67
2013-01-27 23:06:23,4.73
2013-01-28 11:33:31,4.75
2013-01-28 23:35:06,4.77
2013-01-29 11:49:01,4.9
2013-01-30 00:19:07,5.07
2013-01-30 12:35:44,4.67
2013-01-31 00:55:38,4.86
2013-01-31 13:01:06,4.73
2013-02-01 01:32:01,4.59
2013-02-01 13:52:05,4.67
2013-02-02 04:08:56,4.57
2013-02-02 16:25:23,4.21
2013-02-03 04:52:01,4.28
2013-02-03 15:27:20,4.01
2013-02-04 04:11:15,4.65
2013-02-04 18:42:41,4.11
2013-02-05 05:42:11,4.55
2013-02-05 18:10:01,4.15
2013-02-06 08:26:36,4.17
2013-02-06 21:00:23,3.85
2013-02-07 09:24:26,4.15
2013-02-07 20:31:10,4.28
2013-02-08 09:01:02,4.3
2013-02-08 21:27:56,4.32
2013-02-09 09:44:28,4.59
2013-02-09 22:14:53,4.61
2013-02-10 10:29:20,4.92
2013-02-10 22:53:58,4.88
2013-02-11 11:12:45,4.86
2013-02-11 23:41:08,4.75
2013-02-12 11:55:53,4.8
2013-02-13 00:21:09,4.71
2013-02-13 12:39:06,4.8
2013-02-14 01:02:09,4.59
2013-02-14 13:17:49,4.34
2013-02-15 01:34:10,4.59
2013-02-15 13:47:33,4.28
2013-02-16 04:04:13,4.27
2013-02-16 14:32:57,4.09
2013-02-17 04:43:22,4.13
2013-02-17 17:12:02,3.92
2013-02-18 05:24:15,3.88
2013-02-18 17:32:56,3.78
2013-02-19 06:16:29,3.7
2013-02-19 18:05:28,3.65
2013-02-20 06:16:34,3.62
2013-02-20 19:07:40,3.45
2013-02-21 07:36:30,3.65
2013-02-21 20:07:07,3.68
2013-02-22 08:54:30,3.81
2013-02-22 21:15:05,3.89
2013-02-23 09:19:56,4.05
2013-02-23 21:46:22,4.09
2013-02-24 10:02:32,4.15
2013-02-24 22:23:52,4.25
2013-02-25 10:30:32,4.27
2013-02-25 22:55:18,4.38
2013-02-26 11:07:26,4.3
2013-02-26 23:20:37,4.44
2013-02-27 11:37:15,4.48
2013-02-27 23:58:51,4.46
2013-02-28 12:07:33,4.48
2013-03-01 00:32:37,4.52
2013-03-01 12:43:25,4.42
2013-03-02 01:11:50,4.4
2013-03-02 13:24:33,4.34
2013-03-03 01:52:17,4.42
2013-03-03 14:15:49,4.25
2013-03-04 04:36:29,4.25
2013-03-04 15:16:27,4.21
2013-03-05 03:56:51,4.32
2013-03-05 18:11:03,4.2
2013-03-06 05:09:57,4.27
2013-03-06 17:55:03,4.13
2013-03-07 06:19:32,4.22
2013-03-07 19:31:56,4.23
2013-03-08 07:49:52,4.28
2013-03-08 20:27:11,4.42
2013-03-09 08:47:26,4.48
2013-03-09 21:13:54,4.59
2013-03-10 09:36:43,4.65
2013-03-10 22:04:19,4.5
2013-03-11 10:20:58,4.36
2013-03-12 00:51:40,4.42
2013-03-12 10:58:57,4.65
2013-03-12 23:19:43,4.65
2013-03-13 11:35:03,4.88
2013-03-13 23:51:36,4.8
2013-03-14 12:08:51,4.67
2013-03-15 00:32:21,4.63
2013-03-15 12:46:21,4.73
2013-03-16 01:00:13,4.75
2013-03-16 13:14:29,4.71
2013-03-17 01:35:47,4.57
2013-03-17 13:52:28,4.38
2013-03-18 02:11:08,4.25
2013-03-18 14:33:13,4.11
2013-03-19 03:08:00,4.09
2013-03-19 16:39:56,4.05
2013-03-20 04:04:31,3.88
2013-03-20 16:51:49,3.77
2013-03-21 05:53:21,3.66
2013-03-21 19:22:42,3.85
2013-03-22 06:41:17,3.6
2013-03-22 19:19:45,3.83
2013-03-23 07:43:29,3.87
2013-03-23 20:31:15,3.99
2013-03-24 08:45:51,4.05
2013-03-24 21:11:53,4.19
2013-03-25 09:21:22,4.32
2013-03-26 10:01:14,4.5
2013-03-26 22:18:37,4.61
2013-03-27 10:33:58,4.67
2013-03-27 22:55:37,4.78
2013-03-28 11:09:41,4.8
2013-03-28 23:38:19,4.88
2013-03-29 11:44:41,4.84
2013-03-30 00:06:31,4.71
2013-03-30 12:21:40,4.67
2013-03-31 00:51:06,4.75
2013-03-31 13:03:27,4.67
2013-04-01 01:27:26,4.59
2013-04-01 16:00:20,4.53
2013-04-02 04:18:05,4.43
2013-04-02 17:00:07,4.43
2013-04-03 04:53:26,4.17
2013-04-03 17:41:44,4.19
2013-04-04 06:04:32,3.96
2013-04-04 18:55:43,4.05
2013-04-05 06:10:37,3.83
2013-04-05 19:06:31,4.03
2013-04-06 07:32:48,3.99
2013-04-06 21:46:11,4.21
2013-04-07 08:34:27,4.19
2013-04-07 21:14:09,4.53
2013-04-08 09:13:20,4.53
2013-04-08 21:42:39,4.65
2013-04-09 09:53:06,4.78
2013-04-09 22:24:02,4.75
2013-04-10 10:37:09,4.73
2013-04-10 22:49:51,4.88
2013-04-11 11:11:20,4.86
2013-04-11 23:23:25,4.92
2013-04-12 11:46:14,4.82
2013-04-13 00:00:12,4.75
2013-04-13 12:25:55,4.72
2013-04-14 00:38:22,4.67
2013-04-14 12:48:41,4.4
2013-04-15 01:37:42,4.43
2013-04-15 13:25:21,4.19
2013-04-16 03:39:54,4.5
2013-04-16 15:52:37,3.97
2013-04-17 02:48:46,4.01
2013-04-17 16:25:21,4.23
2013-04-18 03:13:58,3.81
2013-04-18 17:02:29,3.64
2013-04-19 04:42:20,3.78
2013-04-19 18:41:13,3.72
2013-04-20 05:42:55,3.31
2013-04-20 20:01:15,3.73
2013-04-21 07:17:37,3.64
2013-04-21 19:36:32,3.99
2013-04-22 07:12:38,3.64
2013-04-22 08:12:14,3.96
2013-04-22 20:34:17,4.21
2013-04-23 08:56:56,4.28
2013-04-23 21:05:56,4.3
2013-04-24 09:23:37,4.38
2013-04-24 21:48:52,4.46
2013-04-25 10:04:23,4.53
2013-04-25 22:27:24,4.67
2013-04-26 10:42:12,4.61
2013-04-26 23:07:45,4.69
2013-04-27 11:26:38,4.61
2013-04-27 23:50:12,4.72
2013-04-28 12:07:30,4.61
2013-04-29 00:40:14,4.78
2013-04-29 14:58:01,4.5
2013-04-30 01:25:23,4.52
2013-04-30 15:51:36,4.4
2013-05-01 02:13:13,4.21
2013-05-01 16:48:01,4.25
2013-05-02 03:48:46,4.21
2013-05-02 17:40:50,4.15
2013-05-03 04:39:50,3.93
2013-05-03 18:20:06,4.05
2013-05-04 05:48:21,3.99
2013-05-04 18:49:04,4.17
2013-05-05 07:00:46,3.97
2013-05-05 21:14:24,4.17
2013-05-06 08:04:32,4.05
2013-05-06 20:40:20,4.28
2013-05-07 08:59:20,4.25
2013-05-07 21:18:11,4.42
2013-05-08 09:34:48,4.5
2013-05-08 22:04:00,4.59
2013-05-09 10:07:22,4.57
2013-05-09 22:28:05,4.69
2013-05-10 10:51:28,4.48
2013-05-10 23:17:21,4.61
2013-05-11 11:24:44,4.53
2013-05-11 23:35:16,4.5
2013-05-12 11:56:59,4.4
2013-05-13 00:15:35,4.43
2013-05-13 12:37:33,4.4
2013-05-14 00:43:48,4.42
2013-05-14 14:54:53,4.34
2013-05-15 01:35:29,4.63
2013-05-15 14:00:29,4.15
2013-05-16 02:00:20,4.13
2013-05-16 16:03:07,4.15
2013-05-17 02:42:10,4.09
2013-05-17 16:56:46,4.13
2013-05-18 03:54:56,3.85
2013-05-18 17:50:30,4.05
2013-05-19 04:53:55,3.74
2013-05-19 18:03:36,3.97
2013-05-20 06:09:10,3.77
2013-05-20 18:46:16,4.11
2013-05-21 08:05:36,3.96
2013-05-21 19:52:54,4.19
2013-05-22 08:04:28,4.11
2013-05-22 20:33:41,4.35
2013-05-23 09:00:10,4.3
2013-05-23 21:21:40,4.61
2013-05-24 09:42:16,4.48
2013-05-24 22:04:00,4.67
2013-05-25 10:29:45,4.48
2013-05-25 22:46:30,4.73
2013-05-26 11:15:06,4.71
2013-05-26 23:37:04,4.82
2013-05-27 11:58:49,4.78
2013-05-28 00:19:25,4.88
2013-05-28 12:48:19,4.75
2013-05-29 01:08:30,4.71
2013-05-29 13:46:31,4.53
2013-05-30 02:07:04,4.55
2013-05-30 16:24:47,4.46
2013-05-31 03:08:45,4.23
2013-05-31 17:31:18,4.34
2013-06-01 04:17:07,4.07
2013-06-01 18:33:37,4.22
2013-06-02 05:17:44,3.81
2013-06-02 19:28:16,4.09
2013-06-03 06:29:42,3.77
2013-06-03 19:26:15,4.03
2013-06-04 07:40:41,3.77
2013-06-04 20:18:35,4.07
2013-06-05 08:43:40,3.91
2013-06-05 21:10:51,4.19
2013-06-06 09:22:18,4.03
2013-06-06 21:50:56,4.21
2013-06-07 11:50:18,4.07
2013-06-07 22:16:40,4.27
2013-06-08 10:37:12,4.15
2013-06-08 22:45:34,4.32
2013-06-09 11:09:13,4.3
2013-06-09 23:21:55,4.4
2013-06-10 11:43:22,4.34
2013-06-10 23:52:13,4.4
2013-06-11 12:15:29,4.42
2013-06-12 00:29:52,4.46
2013-06-12 13:14:55,4.36
2013-06-13 01:08:46,4.4
2013-06-13 13:28:04,4.32
2013-06-14 01:47:11,4.25
2013-06-14 15:47:15,4.31
2013-06-15 02:21:40,4.14
2013-06-15 15:07:49,4.21
2013-06-16 03:11:59,4.07
2013-06-16 17:24:13,4.26
2013-06-17 04:34:43,3.93
2013-06-17 17:18:44,4.13
2013-06-18 05:33:38,3.86
2013-06-18 18:04:49,4.15
2013-06-19 06:30:46,3.87
2013-06-19 19:22:10,4.15
2013-06-20 08:55:54,4.15
2013-06-20 20:00:52,4.44
2013-06-21 08:38:27,4.35
2013-06-21 20:51:25,4.53
2013-06-22 09:13:11,4.55
2013-06-22 21:39:12,4.77
2013-06-23 10:05:58,4.67
2013-06-23 22:52:29,4.66
2013-06-24 11:06:46,4.63
2013-06-24 23:22:47,4.77
2013-06-25 11:48:39,4.63
2013-06-26 00:06:40,4.67
2013-06-26 12:44:19,4.55
2013-06-27 00:59:19,4.61
2013-06-27 13:31:55,4.5
2013-06-27 23:54:14,2.67
2013-06-28 14:22:13,4.4
2013-06-29 02:47:25,4.31
2013-06-29 17:02:57,4.4
2013-06-30 03:55:24,4.01
2013-06-30 17:02:33,4.17
2013-07-01 06:17:34,3.87
2013-07-01 18:22:57,4.21
2013-07-02 05:58:42,3.85
2013-07-02 07:30:00,3.79
2013-07-02 18:46:49,4.15
2013-07-03 06:41:06,3.89
2013-07-03 19:44:47,4.17
2013-07-04 07:52:37,3.91
2013-07-04 20:18:22,3.99
2013-07-05 08:52:34,4.05
2013-07-05 21:04:13,4.03
2013-07-06 09:32:08,3.97
2013-07-06 22:00:51,4.1
2013-07-07 10:26:45,4.11
2013-07-07 22:39:07,4.13
2013-07-08 10:58:12,4.13
2013-07-08 23:05:50,4.21
2013-07-09 11:32:13,4.23
2013-07-09 23:41:01,4.32
2013-07-10 11:58:58,4.36
2013-07-11 00:11:56,4.34
2013-07-11 12:32:25,4.27
2013-07-12 00:38:41,4.28
2013-07-12 13:03:15,4.28
2013-07-13 00:10:19,3.55
2013-07-13 13:45:22,4.25
2013-07-14 01:52:00,4.17
2013-07-14 16:08:56,4.25
2013-07-15 02:37:35,4.07
2013-07-15 16:39:28,4.25
2013-07-16 03:32:47,3.97
2013-07-16 17:09:02,4.17
2013-07-17 04:48:36,3.91
2013-07-17 17:59:37,4.19
2013-07-18 07:15:25,3.89
2013-07-18 09:08:44,3.31
2013-07-18 19:25:07,4.17
2013-07-19 07:14:06,4.01
2013-07-19 21:13:43,4.25
2013-07-20 08:04:46,4.1
2013-07-20 20:39:09,4.38
2013-07-21 09:06:00,4.4
2013-07-21 21:33:22,4.67
2013-07-22 10:05:19,4.72
2013-07-22 22:24:28,4.81
2013-07-23 10:43:16,4.78
2013-07-23 23:10:49,4.88
2013-07-24 11:41:10,4.86
2013-07-25 00:02:24,4.92
2013-07-25 12:20:11,4.86
2013-07-26 00:37:01,4.86
2013-07-26 13:07:40,4.77
2013-07-27 01:28:57,4.73
2013-07-27 13:55:37,4.73
2013-07-28 16:20:43,4.55
2013-07-29 02:57:49,4.4
2013-07-29 16:14:56,4.38
2013-07-30 03:51:05,4.07
2013-07-30 17:01:08,4.27
2013-07-31 05:03:59,3.95
2013-07-31 17:47:01,4.03
2013-08-01 06:44:28,3.81
2013-08-01 19:16:48,4.03
2013-08-02 08:30:28,3.89
2013-08-02 20:03:34,4.07
2013-08-03 08:43:37,4.09
2013-08-03 20:56:47,4.07
2013-08-04 09:22:47,4.19
2013-08-04 21:31:12,4.25
2013-08-05 09:59:43,4.4
2013-08-05 22:14:05,4.46
2013-08-06 10:35:06,4.44
2013-08-06 22:37:23,4.44
2013-08-07 10:55:10,4.44
2013-08-07 23:09:11,4.5
2013-08-08 11:32:42,4.53
2013-08-08 23:46:12,4.5
2013-08-09 12:08:14,4.5
2013-08-10 00:18:08,4.5
2013-08-10 12:37:33,4.52
2013-08-11 00:50:52,4.44
2013-08-11 13:12:00,4.4
2013-08-12 01:25:34,4.42
2013-08-12 13:57:49,4.42
2013-08-12 23:25:53,2.43
2013-08-13 14:37:05,4.25
2013-08-14 06:07:42,3.72
2013-08-14 15:12:49,4.05
2013-08-14 17:24:07,4.21
2013-08-15 04:02:58,3.93
2013-08-15 17:55:40,4.1
2013-08-16 05:23:01,4.05
2013-08-16 18:10:06,4.17
2013-08-17 08:09:53,4.13
2013-08-17 19:20:17,4.36
2013-08-18 08:00:22,4.28
2013-08-18 20:29:46,4.61
2013-08-19 09:03:36,4.5
2013-08-19 21:21:21,4.5
2013-08-20 09:50:31,4.58
2013-08-20 22:05:06,4.67
2013-08-21 10:33:50,4.67
2013-08-21 22:54:11,4.82
2013-08-22 11:21:23,4.86
2013-08-22 23:37:44,4.88
2013-08-23 12:03:53,4.84
2013-08-24 00:22:23,4.83
2013-08-24 12:48:45,4.78
2013-08-25 00:56:45,4.69
2013-08-25 15:14:13,4.6
2013-08-26 01:42:57,4.44
2013-08-26 16:05:22,4.43
2013-08-27 02:27:24,4.25
2013-08-27 16:12:28,4.27
2013-08-28 03:29:06,3.97
2013-08-28 16:47:56,4.03
2013-08-29 07:04:01,3.41
2013-08-29 17:19:32,3.87
2013-08-30 05:27:31,3.68
2013-08-30 18:12:50,3.64
2013-08-31 07:38:26,3.76
2013-08-31 19:29:30,3.74
2013-09-01 09:18:04,3.79
2013-09-01 20:40:43,3.87
2013-09-02 09:05:18,4.07
2013-09-02 09:54:11,4.03
2013-09-02 21:34:32,4.07
2013-09-03 09:38:12,4.15
2013-09-03 21:47:27,4.17
2013-09-04 10:06:05,4.38
2013-09-04 22:19:47,4.44
2013-09-05 07:55:15,2.58
2013-09-05 10:38:57,4.55
2013-09-05 12:59:28,4.38
2013-09-05 22:48:17,4.59
2013-09-06 11:04:02,4.65
2013-09-06 23:21:27,4.73
2013-09-07 11:39:54,4.69
2013-09-07 23:55:39,4.59
2013-09-08 12:10:46,4.67
2013-09-09 00:24:53,4.65
2013-09-09 12:49:56,4.61
2013-09-09 14:32:31,4.46
2013-09-10 01:01:34,4.42
2013-09-10 13:50:45,4.5
2013-09-10 15:23:19,4.49
2013-09-11 03:40:48,4.44
2013-09-11 15:46:54,4.32
2013-09-12 04:09:48,4.21
2013-09-12 16:35:23,4.23
2013-09-13 04:40:25,4.02
2013-09-13 16:58:13,4.23
2013-09-14 05:18:23,4.01
2013-09-14 18:11:01,4.13
2013-09-15 08:16:14,4.07
2013-09-15 19:03:43,4.17
2013-09-16 08:00:02,4.71
2013-09-16 20:16:26,4.42
2013-09-17 08:58:28,4.59
2013-09-17 21:08:52,4.8
2013-09-18 09:36:28,4.88
2013-09-18 21:55:51,4.77
2013-09-19 10:15:50,4.84
2013-09-19 22:37:24,4.8
2013-09-20 11:00:52,4.86
2013-09-20 23:13:56,4.78
2013-09-21 11:41:15,4.77
2013-09-21 23:51:54,4.67
2013-09-22 12:13:28,4.59
2013-09-23 00:29:11,4.57
2013-09-23 12:55:21,4.48
2013-09-24 01:13:12,4.36
2013-09-24 13:34:47,4.38
2013-09-25 03:33:09,4.23
2013-09-25 15:35:21,4.23
2013-09-26 04:07:44,4.17
2013-09-26 16:26:27,4.02
2013-09-27 04:47:09,3.93
2013-09-27 16:20:08,3.77
2013-09-28 06:04:28,3.77
2013-09-28 17:15:29,3.74
2013-09-29 06:38:40,3.91
2013-09-29 19:45:38,3.67
2013-09-30 08:05:03,4.01
2013-09-30 19:40:28,4.01
2013-10-01 09:00:40,4.17
2013-10-01 20:45:36,4.17
2013-10-02 08:53:48,4.32
2013-10-02 21:19:03,4.36
2013-10-03 09:37:14,4.48
2013-10-03 21:58:32,4.6
2013-10-04 10:10:28,4.71
2013-10-04 22:15:20,4.61
2013-10-05 10:41:36,4.77
2013-10-05 22:57:33,4.64
2013-10-06 11:11:38,4.71
2013-10-06 23:29:39,4.75
2013-10-07 11:46:22,4.79
2013-10-08 00:02:26,4.69
2013-10-08 12:24:37,4.71
2013-10-09 00:42:43,4.61
2013-10-09 13:06:57,4.57
2013-10-10 01:29:19,4.5
2013-10-10 15:28:20,4.65
2013-10-11 04:22:02,4.34
2013-10-11 16:20:04,4.03
2013-10-12 05:07:01,4.38
2013-10-12 17:40:27,4.01
2013-10-13 05:06:42,4.19
2013-10-13 17:34:34,4.17
2013-10-14 06:32:21,4.19
2013-10-14 18:58:13,4.21
2013-10-15 07:36:45,4.43
2013-10-15 19:58:55,4.38
2013-10-16 08:51:38,4.69
2013-10-16 20:45:11,4.61
2013-10-17 09:11:57,4.71
2013-10-17 21:34:32,4.77
2013-10-18 09:57:49,4.82
2013-10-18 22:07:02,4.73
2013-10-19 10:33:31,4.86
2013-10-19 22:50:37,4.94
2013-10-20 11:07:42,4.94
2013-10-20 23:29:57,4.78
2013-10-21 11:54:23,4.96
2013-10-22 00:08:27,4.77
2013-10-22 12:26:33,4.82
2013-10-23 01:14:12,4.86
2013-10-23 12:45:33,4.61
2013-10-24 03:11:45,4.52
2013-10-24 13:59:24,4.42
2013-10-25 03:40:51,4.57
2013-10-25 14:12:15,4.23
2013-10-26 03:07:59,4.13
2013-10-26 14:55:54,4.05
2013-10-27 03:57:42,4.13
2013-10-27 16:05:39,3.93
2013-10-28 03:31:04,3.77
2013-10-28 05:47:18,4.88
2013-10-28 08:49:17,3.97
2013-10-28 17:45:03,4.23
2013-10-29 04:38:47,3.47
2013-10-29 06:15:22,4.05
2013-10-29 09:39:43,3.46
2013-10-29 18:55:22,3.89
2013-10-30 07:20:36,4.19
2013-10-30 19:47:52,4.17
2013-10-31 07:59:51,4.19
2013-10-31 20:36:16,4.59
2013-11-01 08:47:16,4.55
2013-11-01 21:06:30,4.67
2013-11-02 09:32:49,4.93
2013-11-02 21:52:59,4.8
2013-11-03 10:06:00,4.82
2013-11-03 22:20:01,5.53
2013-11-04 10:46:24,5.28
2013-11-04 23:04:06,5.02
2013-11-05 11:20:15,5.17
2013-11-05 23:42:27,5.05
2013-11-06 12:06:42,5.13
2013-11-07 00:28:52,5
2013-11-07 12:52:24,4.9
2013-11-08 01:16:49,4.69
2013-11-08 13:46:15,4.71
2013-11-09 04:07:50,4.59
2013-11-09 14:37:17,4.46
2013-11-10 03:32:15,4.61
2013-11-10 16:07:57,4.19
2013-11-11 06:25:36,4.31
2013-11-11 17:06:41,3.87
2013-11-12 06:19:19,4.59
2013-11-12 18:32:43,4.01
2013-11-13 08:53:53,4.19
2013-11-13 19:42:44,4.09
2013-11-14 07:58:53,4.21
2013-11-14 20:28:14,4.46
2013-11-15 10:44:39,4.19
2013-11-15 21:21:18,4.02
2013-11-16 09:43:59,4.46
2013-11-16 21:53:17,4.36
2013-11-17 10:09:32,4.53
2013-11-17 22:29:42,4.4
2013-11-18 10:49:53,4.57
2013-11-18 23:05:11,4.55
2013-11-19 11:16:18,4.48
2013-11-19 23:37:51,4.34
2013-11-20 11:58:06,4.32
2013-11-21 00:27:54,4.5
2013-11-21 12:31:15,4.38
2013-11-22 02:41:18,4.09
2013-11-22 13:08:35,4.05
2013-11-23 03:19:33,4.11
2013-11-23 13:44:49,3.95
2013-11-24 03:44:56,4.03
2013-11-24 14:35:44,3.85
2013-11-25 04:41:55,3.87
2013-11-25 16:50:52,3.58
2013-11-26 04:17:09,3.66
2013-11-26 16:46:26,3.45
2013-11-27 05:16:51,3.74
2013-11-27 19:24:29,3.56
2013-11-28 07:28:47,3.87
2013-11-28 19:14:31,3.74
2013-11-29 07:24:27,3.93
2013-11-29 20:42:33,4.28
2013-11-30 08:15:56,4.46
2013-11-30 22:31:58,3.88
2013-12-01 09:09:26,4.3
2013-12-01 21:16:21,4.3
2013-12-02 09:43:36,4.43
2013-12-02 22:05:54,4.4
2013-12-03 10:27:12,4.65
2013-12-03 22:49:31,4.63
2013-12-04 01:06:48,4.44
2013-12-04 05:43:20,14.07
2013-12-04 05:48:25,14.4
2013-12-04 05:55:32,14.05
2013-12-04 06:15:52,14.41
2013-12-04 10:32:04,14.41
2013-12-04 10:48:20,14.41
2013-12-04 10:50:22,14.38
2013-12-04 10:57:29,14.41
2013-12-04 16:26:25,7.97
2013-12-04 18:49:57,13.82
2013-12-04 19:12:19,14.38
2013-12-04 19:46:59,5.41
2013-12-04 19:58:10,5.52
2013-12-04 20:06:19,5.22
2013-12-04 20:15:28,4.67
2013-12-04 20:19:33,5.56
2013-12-04 20:49:05,6.36
2013-12-04 21:20:39,11.76
2013-12-04 21:34:54,13.78
2013-12-04 23:28:56,8.62
2013-12-04 23:54:23,8.8
2013-12-05 00:39:12,6.97
2013-12-05 00:51:24,7.54
2013-12-05 01:04:39,6.51
2013-12-05 01:11:47,5.19
2013-12-05 01:16:52,5.3
2013-12-05 01:21:59,6.24
2013-12-05 01:56:37,6.6
2013-12-05 04:16:04,6
2013-12-05 05:16:09,4.35
2013-12-05 05:19:12,3.81
2013-12-05 11:18:38,14.41
2013-12-05 13:18:51,10
2013-12-06 02:42:36,5.44
2013-12-06 12:44:33,4.84
2013-12-07 03:24:01,4.64
2013-12-07 13:31:58,4.45
2013-12-08 03:57:31,4.45
2013-12-08 14:32:56,4.39
2013-12-09 04:57:32,4.36
2013-12-09 15:36:15,4.14
2013-12-10 05:38:58,4.26
2013-12-10 16:51:11,4.03
2013-12-11 06:53:42,4.21
2013-12-11 17:59:22,4.01
2013-12-12 06:43:12,4.21
2013-12-12 19:01:18,3.91
2013-12-13 07:42:05,4.43
2013-12-13 20:09:35,3.96
2013-12-14 08:50:39,4.47
2013-12-14 20:55:03,4.34
2013-12-15 09:19:20,4.15
2013-12-15 21:42:20,4.7
2013-12-16 09:55:24,4.49
2013-12-16 22:25:09,4.42
2013-12-17 10:32:39,4.46
2013-12-17 23:03:05,4.49
2013-12-18 11:05:16,4.64
2013-12-19 01:26:10,4.73
2013-12-19 11:36:20,4.55
2013-12-20 00:18:31,4.8
2013-12-20 12:16:45,4.41
2013-12-21 00:36:25,4.56
2013-12-21 12:53:57,4.46
2013-12-22 02:11:53,4.49
2013-12-22 13:20:07,4.55
2013-12-23 03:34:10,4.49
2013-12-23 14:46:43,4.82
2013-12-24 02:15:23,4.49
2013-12-24 16:11:20,4.29
2013-12-25 03:16:30,4.54
2013-12-25 15:23:30,4.3
2013-12-26 06:04:24,4.41
2013-12-26 18:32:28,3.94
2013-12-27 05:01:57,4.6
2013-12-27 17:56:23,3.76
2013-12-28 06:54:25,4.54
2013-12-28 18:59:35,4.26
2013-12-29 07:32:51,4.25
2013-12-29 20:00:26,4.29
2013-12-30 08:39:11,4.79
2013-12-30 20:48:53,4.17
2013-12-31 09:41:11,5.23
2013-12-31 21:50:19,4.79
2014-01-01 12:12:30,5.14
2014-01-01 22:38:25,5.19
2014-01-02 10:52:17,5.15
2014-01-02 23:29:45,5.33
2014-01-03 11:31:07,5.24
2014-01-04 00:09:58,4.84
2014-01-04 12:23:26,5.15
2014-01-05 01:05:57,5.13
2014-01-05 13:23:16,4.95
2014-01-06 01:47:34,4.99
2014-01-06 14:01:56,4.84
2014-01-07 02:37:00,4.9
2014-01-07 14:50:33,4.55
2014-01-08 04:21:45,4.65
2014-01-08 18:04:42,4.28
2014-01-09 05:41:45,4.61
2014-01-09 17:03:33,3.96
2014-01-10 07:07:24,4.23
2014-01-10 18:38:06,3.97
2014-01-11 07:03:19,4.04
2014-01-11 19:40:15,4.03
2014-01-12 09:32:36,4.27
2014-01-12 20:33:11,4.25
2014-01-13 09:00:27,4.17
2014-01-13 21:19:47,4.46
2014-01-14 09:34:15,4.41
2014-01-14 22:15:13,4.48
2014-01-15 10:19:04,4.55
2014-01-15 23:00:39,4.72
2014-01-16 10:51:16,4.83
2014-01-16 23:12:32,4.92
2014-01-17 11:20:44,4.75
2014-01-17 23:51:20,4.72
2014-01-18 11:50:20,4.89
2014-01-19 00:14:04,4.74
2014-01-19 12:26:08,4.65
2014-01-20 00:50:22,4.53
2014-01-20 12:59:20,4.45
2014-01-21 03:12:25,4.49
2014-01-21 13:33:40,4.46
2014-01-22 01:58:21,4.44
2014-01-22 14:17:30,4.21
2014-01-23 02:42:47,4.15
2014-01-23 14:51:31,3.97
2014-01-24 05:26:07,4.33
2014-01-24 17:25:22,3.94
2014-01-25 04:21:38,3.83
2014-01-25 17:57:00,3.69
2014-01-26 05:43:49,4.41
2014-01-26 18:57:51,4.07
2014-01-27 07:05:47,4.11
2014-01-27 19:55:34,4.39
2014-01-28 08:06:59,4.54
2014-01-28 20:31:23,4.45
2014-01-29 09:09:53,4.68
2014-01-29 21:28:42,4.61
2014-01-30 09:51:51,4.72
2014-01-30 22:22:10,4.84
2014-01-31 10:46:22,5.11
2014-01-31 23:11:34,5.16
2014-02-01 11:27:39,5.15
2014-02-02 00:03:01,4.99
2014-02-02 12:18:04,4.96
2014-02-03 00:46:20,5.03
2014-02-03 13:00:23,5.21
2014-02-04 01:18:29,4.79
2014-02-04 13:42:42,4.85
2014-02-05 01:59:49,5.3
2014-02-05 14:27:04,4.99
2014-02-06 02:56:24,4.21
2014-02-06 16:18:33,4.62
2014-02-07 03:58:04,4.66
2014-02-07 16:37:34,4.24
2014-02-08 04:55:59,4.52
2014-02-08 17:03:00,4.34
2014-02-09 07:03:59,3.74
2014-02-09 19:05:54,3.96
2014-02-10 07:51:32,4.21
2014-02-10 20:30:14,3.98
2014-02-11 10:10:02,4.61
2014-02-11 22:01:44,4.03
2014-02-12 09:27:59,4.76
2014-02-12 22:13:33,4.42
2014-02-13 09:44:52,4.24
2014-02-13 22:10:06,4.68
2014-02-14 10:26:09,4.87
2014-02-14 22:44:16,5.58
2014-02-15 10:56:17,4.45
2014-02-16 01:19:29,4.68
2014-02-16 11:33:32,4.79
2014-02-17 01:53:39,4.74
2014-02-17 12:10:46,4.86
2014-02-18 00:22:45,4.72
2014-02-18 12:35:48,4.68
2014-02-19 00:52:53,4.58
2014-02-19 13:08:58,4.53
2014-02-20 03:29:08,4.62
2014-02-20 13:43:13,4.47
2014-02-21 02:23:42,4.43
2014-02-21 14:37:26,4.47
2014-02-22 02:57:39,4.16
2014-02-22 17:01:29,4.29
2014-02-23 05:01:18,4.3
2014-02-23 16:45:54,3.86
2014-02-24 05:16:12,4.16
2014-02-24 19:30:12,4.18
2014-02-25 06:49:22,4.38
2014-02-25 19:34:58,4.11
2014-02-26 08:04:25,4.36
2014-02-26 22:22:29,4.32
2014-02-27 08:55:51,4.47
2014-02-27 23:21:03,4.63
2014-02-28 09:44:16,5.01
2014-03-01 00:11:34,4.6
2014-03-01 10:28:41,4.85
2014-03-01 22:58:59,5.06
2014-03-02 11:13:00,5.24
2014-03-02 23:33:09,5.26
2014-03-03 11:56:21,5.2
2014-03-04 00:26:41,4.72
2014-03-04 12:42:05,4.86
2014-03-05 00:55:44,4.76
2014-03-05 13:24:00,4.72
2014-03-06 01:45:43,4.55
2014-03-06 14:01:47,4.4
2014-03-07 04:10:44,4.35
2014-03-07 14:53:21,4.04
2014-03-08 04:54:07,4.34
2014-03-08 15:34:34,3.79
2014-03-09 04:15:08,3.62
2014-03-09 18:11:49,3.97
2014-03-10 06:19:53,3.68
2014-03-10 20:04:26,3.64
2014-03-11 07:11:25,3.36
2014-03-11 21:29:42,3.7
2014-03-12 08:17:22,3.6
2014-03-12 20:49:08,3.83
2014-03-13 09:06:24,3.9
2014-03-13 21:34:52,4.1
2014-03-14 09:42:50,4.05
2014-03-14 22:04:07,4.05
2014-03-15 10:30:21,4.64
2014-03-15 22:31:11,4.19
2014-03-16 10:44:14,4.49
2014-03-16 22:59:21,4.52
2014-03-17 11:15:25,4.59
2014-03-17 23:24:28,4.52
2014-03-18 11:42:35,4.63
2014-03-19 00:03:46,4.64
2014-03-19 12:08:41,4.58
2014-03-20 00:37:07,4.6
2014-03-20 12:47:11,4.67
2014-03-21 01:04:16,4.64
2014-03-21 13:24:31,4.65
2014-03-22 01:36:32,4.58
2014-03-22 14:05:49,4.42
2014-03-23 02:29:00,4.31
2014-03-23 16:57:15,4.25
2014-03-24 04:51:58,4.24
2014-03-24 18:09:05,4.24
2014-03-25 04:46:33,4.02
2014-03-25 19:05:07,4.01
2014-03-26 06:28:23,3.87
2014-03-26 20:47:34,4.09
2014-03-27 07:47:26,4.17
2014-03-27 20:01:31,4.31
2014-03-28 08:38:11,4.5
2014-03-28 20:58:22,4.56
2014-03-31 10:55:45,4.88
2014-03-31 23:19:01,4.86
2014-04-01 11:40:10,4.81
2014-04-01 23:54:17,4.9
2014-04-02 12:11:23,4.87
2014-04-03 00:30:05,4.84
2014-04-03 12:46:10,4.74
2014-04-04 01:18:30,4.63
2014-04-04 13:29:31,4.44
2014-04-05 01:54:48,4.36
2014-04-05 16:09:48,4.28
2014-04-06 03:04:34,4.13
2014-04-06 16:26:44,4.11
2014-04-07 04:05:11,3.92
2014-04-07 16:48:40,4.14
2014-04-08 05:26:08,3.6
2014-04-08 17:26:20,3.74
2014-04-09 06:26:08,3.48
2014-04-09 19:02:54,3.69
2014-04-10 07:31:56,3.63
2014-04-10 20:10:21,3.93
2014-04-11 08:20:20,3.83
2014-04-11 22:16:06,4.02
2014-04-12 09:05:44,4.01
2014-04-12 21:21:50,4.3
2014-04-13 09:40:57,4.32
2014-04-13 22:05:09,4.29
2014-04-14 10:16:09,4.44
2014-04-14 22:26:07,4.57
2014-04-15 10:41:43,4.43
2014-04-15 22:59:50,4.44
2014-04-16 11:17:57,4.47
2014-04-16 23:30:32,4.6
2014-04-17 11:48:39,4.56
2014-04-18 00:10:51,4.78
2014-04-18 14:29:55,4.65
2014-04-19 00:46:03,4.59
2014-04-19 15:16:19,4.53
2014-04-20 01:32:33,4.46
2014-04-20 15:59:47,4.57
2014-04-21 02:26:07,4.47
2014-04-21 16:40:09,4.44
2014-04-22 03:38:59,4.28
2014-04-22 17:23:19,4.27
2014-04-23 04:55:39,4.11
2014-04-23 18:52:24,4.21
2014-04-24 06:01:23,3.96
2014-04-24 20:30:40,4.24
2014-04-25 07:09:06,4.18
2014-04-25 21:33:16,4.44
2014-04-26 08:23:57,4.62
2014-04-26 21:01:22,4.8
2014-04-27 09:03:14,4.7
2014-04-27 21:36:35,4.65
2014-04-28 09:50:36,4.63
2014-04-28 22:14:49,4.75
2014-04-29 10:37:00,4.77
2014-04-29 22:53:04,4.8
2014-04-30 11:12:11,4.71
2014-04-30 23:32:19,4.75
2014-05-01 11:53:30,4.67
2014-05-02 00:15:23,4.63
2014-05-02 14:38:31,4.4
2014-05-03 00:50:34,4.35
2014-05-03 15:07:38,4.26
2014-05-04 01:43:03,4.2
2014-05-04 15:50:56,4.18
2014-05-05 02:14:12,4.07
2014-05-05 16:12:58,4.24
2014-05-06 03:15:51,4.01
2014-05-06 16:55:16,4.12
2014-05-07 04:01:11,3.83
2014-05-07 17:07:06,3.87
2014-05-08 05:34:21,3.78
2014-05-08 17:54:29,3.96
2014-05-09 06:12:35,3.76
2014-05-09 19:14:25,3.9
2014-05-10 07:27:26,3.98
2014-05-10 19:45:33,4.2
2014-05-11 08:02:38,3.99
2014-05-11 20:32:55,4.38
2014-05-12 08:56:08,4.28
2014-05-12 21:15:14,4.44
2014-05-13 09:37:25,4.38
2014-05-13 21:50:28,4.45
2014-05-14 10:08:10,4.32
2014-05-14 22:32:26,4.51
2014-05-15 10:57:37,4.36
2014-05-15 23:09:40,4.52
2014-05-16 11:37:57,4.43
2014-05-16 23:53:03,4.52
2014-05-17 12:21:24,4.52
2014-05-18 00:35:24,4.54
2014-05-18 14:59:28,4.54
2014-05-19 01:29:57,4.61
2014-05-19 15:59:16,4.64
2014-05-20 04:06:13,4.67
2014-05-20 16:26:20,4.44
2014-05-21 03:21:01,4.26
2014-05-21 17:45:15,4.38
2014-05-22 04:26:47,4.24
2014-05-22 17:38:46,4.45
2014-05-23 05:35:33,4.36
2014-05-23 18:27:13,4.32
2014-05-24 06:57:32,4.18
2014-05-24 19:40:01,4.36
2014-05-25 07:50:59,4.26
2014-05-25 20:21:18,4.37
2014-05-26 08:45:53,4.24
2014-05-26 21:09:05,4.45
2014-05-27 09:44:27,4.39
2014-05-27 21:57:31,4.53
2014-05-28 10:18:40,4.44
2014-05-28 22:38:49,4.55
2014-05-29 10:58:58,4.49
2014-05-29 23:13:02,4.53
2014-05-30 11:34:10,4.39
2014-05-30 23:50:14,4.37
2014-05-31 14:13:26,4.3
2014-06-01 00:31:33,4.3
2014-06-01 14:49:37,4.29
2014-06-02 00:57:38,4.22
2014-06-02 15:29:57,4.23
2014-06-03 01:46:08,4.11
2014-06-03 15:45:05,4.17
2014-06-04 02:33:15,4.04
2014-06-04 16:15:16,4.17
2014-06-05 02:59:52,3.89
2014-06-05 17:28:52,4.02
2014-06-06 04:25:40,3.79
2014-06-06 18:06:30,4.01
2014-06-07 04:54:21,3.79
2014-06-07 19:34:41,3.99
2014-06-08 06:41:45,3.75
2014-06-08 19:01:00,3.94
2014-06-09 07:25:22,3.9
2014-06-09 20:01:24,4.17
2014-06-10 08:19:19,4.18
2014-06-10 20:37:55,4.26
2014-06-11 08:58:18,4.18
2014-06-11 21:36:50,4.31
2014-06-12 09:49:54,4.3
2014-06-12 22:06:24,4.46
2014-06-13 10:36:33,4.5
2014-06-13 22:54:34,4.62
2014-06-14 11:14:23,4.57
2014-06-14 23:48:01,4.7
2014-06-15 12:04:32,4.57
2014-06-16 00:21:08,4.67
2014-06-16 12:49:06,4.57
2014-06-17 01:11:08,4.61
2014-06-17 15:42:16,4.51
2014-06-18 02:01:25,4.5
2014-06-18 16:37:57,4.5
2014-06-19 03:00:51,4.36
2014-06-19 17:25:32,4.55
2014-06-20 04:07:28,4.17
2014-06-20 18:29:55,4.36
2014-06-21 05:06:15,4
2014-06-21 18:56:54,4.3
2014-06-22 06:24:15,4
2014-06-22 20:33:31,4.21
2014-06-23 07:33:40,4.01
2014-06-23 20:17:18,4.23
2014-06-24 08:30:20,4.14
2014-06-24 21:13:04,4.36
2014-06-25 09:22:28,4.23
2014-06-25 21:26:26,4.32
2014-06-26 10:09:25,4.41
2014-06-26 22:24:39,4.53
2014-06-27 10:49:39,4.54
2014-06-27 23:01:55,4.56
2014-06-28 11:27:48,4.55
2014-06-28 23:37:25,4.57
2014-06-29 11:57:13,4.5
2014-06-30 00:06:24,4.47
2014-06-30 14:26:41,4.47
2014-07-01 00:50:43,4.42
2014-07-01 15:00:57,4.44
2014-07-02 01:19:26,4.25
2014-07-02 15:38:02,4.26
2014-07-03 01:58:37,4.09
2014-07-03 16:05:31,4.36
2014-07-04 02:43:59,4.03
2014-07-04 16:27:30,4.27
2014-07-05 03:37:13,4.18
2014-07-05 17:11:35,4.25
2014-07-06 04:24:54,4.03
2014-07-06 17:02:17,4.12
2014-07-07 05:22:45,3.87
2014-07-07 19:24:29,4.06
2014-07-08 06:34:55,3.87
2014-07-08 19:08:10,4.17
2014-07-09 09:06:01,3.95
2014-07-09 20:17:42,4.37
2014-07-10 09:48:53,4.2
2014-07-10 20:58:42,4.49
2014-07-11 09:27:03,4.37
2014-07-11 21:57:21,4.55
2014-07-12 10:17:44,4.59
2014-07-12 22:40:55,4.77
2014-07-13 11:05:47,4.78
2014-07-13 23:25:15,4.92
2014-07-14 11:48:35,4.81
2014-07-15 00:09:59,4.87
2014-07-15 12:46:50,4.8
2014-07-16 00:58:51,4.85
2014-07-16 13:26:09,4.62
2014-07-17 01:46:19,4.6
2014-07-17 16:15:13,4.6
2014-07-18 02:43:55,4.55
2014-07-18 17:22:57,4.51
2014-07-19 03:31:12,4.32
2014-07-19 17:54:13,4.42
2014-07-20 04:48:11,4.16
2014-07-20 17:54:33,4.27
2014-07-21 06:02:31,3.93
2014-07-21 19:02:57,4.1
2014-07-22 08:20:36,3.91
2014-07-22 19:58:23,4.11
2014-07-23 08:18:35,4
2014-07-23 20:52:01,4.19
2014-07-24 09:13:37,4.07
2014-07-24 21:29:44,4.25
2014-07-25 10:10:16,4.22
2014-07-25 22:11:24,4.29
2014-07-26 10:32:05,4.34
2014-07-26 22:42:07,4.37
2014-07-27 11:06:52,4.39
2014-07-27 23:19:16,4.43
2014-07-28 11:34:29,4.48
2014-07-28 23:45:50,4.39
2014-07-29 12:11:16,4.41
2014-07-30 00:19:38,4.38
2014-07-30 12:42:55,4.43
2014-07-31 00:56:05,4.34
2014-07-31 13:13:19,4.38
2014-08-01 01:26:26,4.31
2014-08-01 15:35:23,4.37
2014-08-02 02:02:07,4.24
2014-08-02 15:47:59,4.4
2014-08-03 02:42:42,4.14
2014-08-03 16:36:35,4.18
2014-08-04 03:29:22,3.85
2014-08-04 16:41:56,4.14
2014-08-05 05:45:16,3.92
2014-08-05 17:18:30,4.09
2014-08-06 05:56:43,3.9
2014-08-06 18:29:55,4.07
2014-08-07 07:14:53,4.03
2014-08-07 19:37:53,4.23
2014-08-08 08:21:58,4.29
2014-08-08 20:42:40,4.5
2014-08-09 09:15:06,4.54
2014-08-09 21:37:08,4.77
2014-08-10 10:07:00,5.05
2014-08-10 22:20:31,4.85
2014-08-11 10:47:48,4.88
2014-08-11 23:03:01,4.93
2014-08-12 11:35:35,5.02
2014-08-12 23:52:36,5.04
2014-08-13 12:19:41,4.97
2014-08-14 00:40:55,4.93
2014-08-14 13:08:44,4.92
2014-08-15 01:24:46,4.83
2014-08-15 15:56:33,4.68
2014-08-16 02:17:22,4.53
2014-08-16 16:35:27,4.41
2014-08-17 03:02:49,4.27
2014-08-17 15:41:19,4.34
2014-08-18 02:35:24,3.31
2014-08-18 04:30:21,4.05
2014-08-18 07:36:34,3.35
2014-08-18 17:34:57,4.24
2014-08-19 05:43:21,3.83
2014-08-19 19:05:36,4.01
2014-08-20 07:05:28,3.78
2014-08-20 19:45:03,3.89
2014-08-21 08:29:01,3.86
2014-08-21 20:37:51,4.01
2014-08-22 09:14:38,4.12
2014-08-22 21:14:03,4.18
2014-08-23 09:35:17,4.17
2014-08-23 21:49:18,4.29
2014-08-24 10:03:21,4.26
2014-08-24 22:20:26,4.37
2014-08-25 10:38:22,4.53
2014-08-25 23:02:37,4.69
2014-08-26 11:10:36,4.69
2014-08-26 23:16:31,4.54
2014-08-27 11:35:43,4.56
2014-08-27 23:52:45,4.64
2014-08-28 12:12:10,4.61
2014-08-29 00:21:23,4.54
2014-08-29 12:42:37,4.55
2014-08-30 00:50:06,4.46
2014-08-30 13:18:24,4.53
2014-08-31 01:25:17,4.34
2014-08-31 13:48:25,4.35
2014-09-01 02:09:18,4.18
2014-09-01 16:30:33,4.17
2014-09-02 04:24:21,4.07
2014-09-02 16:12:08,4.09
2014-09-03 04:12:19,3.87
2014-09-03 17:36:26,3.97
2014-09-04 05:24:20,3.83
2014-09-04 18:09:22,4
2014-09-05 07:01:33,4.01
2014-09-05 19:38:52,4.19
2014-09-06 08:05:17,4.3
2014-09-06 20:34:54,4.42
2014-09-07 08:59:07,4.49
2014-09-07 21:21:22,4.63
2014-09-08 09:43:31,4.68
2014-09-08 22:07:47,4.84
2014-09-09 10:35:04,4.88
2014-09-09 22:54:14,4.95
2014-09-10 11:13:27,4.89
2014-09-10 23:33:38,4.93
2014-09-11 11:56:49,4.88
2014-09-12 00:16:58,4.85
2014-09-12 12:44:12,4.78
2014-09-13 01:01:04,4.69
2014-09-13 15:30:01,4.61
2014-09-14 01:43:05,4.42
2014-09-14 16:12:22,4.48
2014-09-15 04:20:37,4.22
2014-09-15 16:34:18,4.28
2014-09-16 05:13:56,4.09
2014-09-16 17:39:10,4.06
2014-09-17 05:04:32,3.9
2014-09-17 17:25:27,3.85
2014-09-18 06:13:05,3.89
2014-09-18 18:47:13,3.9
2014-09-19 08:30:48,4
2014-09-19 20:12:30,3.98
2014-09-20 08:38:35,4.15
2014-09-20 20:47:41,4.15
2014-09-21 09:15:08,4.25
2014-09-21 21:43:38,4.22
2014-09-22 09:49:08,4.36
2014-09-22 21:54:05,4.3
2014-09-23 10:14:36,4.43
2014-09-23 22:28:30,4.49
2014-09-24 10:42:47,4.61
2014-09-24 22:52:19,4.66
2014-09-25 11:16:37,4.54
2014-09-25 23:24:38,4.54
2014-09-26 11:37:46,4.61
2014-09-26 23:56:02,4.66
2014-09-27 12:16:21,4.56
2014-09-28 00:29:34,4.45
2014-09-28 12:55:02,4.57
2014-09-29 01:03:24,4.47
2014-09-29 13:31:47,4.43
2014-09-30 01:42:58,4.24
2014-09-30 14:12:25,4.26
2014-10-01 04:10:41,4.17
2014-10-01 15:10:40,4.07
2014-10-02 05:06:39,4.1
2014-10-02 17:39:09,3.96
2014-10-03 05:22:49,3.9
2014-10-03 17:38:06,4
2014-10-04 07:02:32,4.4
2014-10-04 19:09:44,4.19
2014-10-05 07:46:21,4.31
2014-10-05 20:07:14,4.41
2014-10-06 08:48:12,4.93
2014-10-06 21:04:58,4.66
2014-10-07 09:24:13,5.05
2014-10-07 21:48:39,4.91
2014-10-08 10:12:04,5.18
2014-10-08 22:24:15,5.25
2014-10-09 10:48:10,5.24
2014-10-09 23:09:05,5.05
2014-10-10 11:35:26,5.06
2014-10-10 23:50:37,4.93
2014-10-11 12:13:30,4.89
2014-10-12 00:29:19,4.72
2014-10-12 12:59:21,4.59
2014-10-13 03:23:58,4.43
2014-10-13 13:39:38,4.56
2014-10-14 02:10:00,4.36
2014-10-14 14:27:49,4.32
2014-10-15 04:51:03,4.26
2014-10-15 15:53:01,4.18
2014-10-16 04:12:13,4.14
2014-10-16 16:26:26,3.91
2014-10-17 05:35:39,4.06
2014-10-17 20:08:08,3.79
2014-10-18 07:02:59,4.1
2014-10-18 19:09:07,3.75
2014-10-19 07:46:46,4.31
2014-10-19 20:07:09,3.91
2014-10-20 10:07:54,4.41
2014-10-20 20:51:28,4.24
2014-10-21 08:49:22,4.43
2014-10-21 21:26:56,4.52
2014-10-22 11:35:17,4.7
2014-10-22 21:55:49,4.29
2014-10-23 10:16:16,4.58
2014-10-23 22:24:14,4.65
2014-10-24 10:43:35,4.71
2014-10-24 23:03:47,4.66
2014-10-25 11:16:55,4.73
2014-10-25 23:32:20,4.59
2014-10-26 11:46:52,4.72
2014-10-27 00:03:50,4.63
2014-10-27 12:25:23,4.66
2014-10-28 00:46:37,4.5
2014-10-28 13:09:01,4.59
2014-10-29 03:24:15,4.47
2014-10-29 13:56:46,4.51
2014-10-30 04:09:56,4.35
2014-10-30 14:58:49,4.17
2014-10-31 05:06:49,4.21
2014-10-31 16:03:41,4.16
2014-11-01 04:53:38,4.13
2014-11-01 17:20:00,4.2
2014-11-02 06:27:06,4.42
2014-11-02 18:51:13,4.27
2014-11-03 08:00:31,4.67
2014-11-04 08:21:07,4.87
2014-11-04 20:31:33,4.73
2014-11-05 09:05:55,4.72
2014-11-05 21:24:12,4.76
2014-11-06 09:49:50,4.97
2014-11-06 22:06:12,5.06
2014-11-07 10:35:36,4.94
2014-11-07 22:50:06,4.86
2014-11-08 11:13:41,5.17
2014-11-08 23:33:06,4.84
2014-11-09 11:49:13,4.9
2014-11-10 00:06:24,4.79
2014-11-10 12:28:36,4.81
2014-11-11 00:52:56,4.84
2014-11-11 13:08:06,4.79
2014-11-12 01:31:29,4.65
2014-11-12 13:42:36,4.49
2014-11-13 03:52:46,4.3
2014-11-13 14:40:02,4.35
2014-11-14 04:13:33,4.39
2014-11-14 15:21:56,3.97
2014-11-15 04:24:58,4.12
2014-11-15 16:37:10,3.97
2014-11-16 07:05:42,4.16
2014-11-16 17:55:37,3.84
2014-11-17 06:43:53,4.15
2014-11-17 19:06:04,4.11
2014-11-18 07:34:24,4.22
2014-11-18 20:01:45,4.14
2014-11-19 08:13:49,4.47
2014-11-19 20:42:12,4.29
2014-11-20 08:59:23,4.37
2014-11-20 21:22:43,4.31
2014-11-21 09:38:00,4.63
2014-11-21 21:58:34,4.64
2014-11-22 10:12:59,4.72
2014-11-22 22:29:05,4.6
2014-11-23 11:14:42,4.64
2014-11-23 23:13:37,4.63
2014-11-24 11:27:19,4.68
2014-11-24 23:50:43,4.59
2014-11-25 12:07:02,4.63
2014-11-26 02:33:54,4.59
2014-11-26 13:01:06,4.66
2014-11-27 03:07:33,4.56
2014-11-27 13:44:33,4.58
2014-11-28 03:59:02,4.63
2014-11-28 14:55:42,4.51
2014-11-29 04:46:56,4.52
2014-11-29 15:48:33,4.29
2014-11-30 05:36:13,4.27
2014-11-30 17:18:51,4.19
2014-12-01 07:15:42,4.34
2014-12-01 18:27:10,4.15
2014-12-02 06:59:49,4.33
2014-12-02 19:22:36,4.15
2014-12-03 09:24:32,4.19
2014-12-03 22:10:15,4.2
2014-12-04 10:30:43,4.49
2014-12-04 21:10:58,4.48
2014-12-05 09:29:06,4.58
2014-12-05 21:56:17,4.45
2014-12-06 10:15:29,4.5
2014-12-06 22:38:21,4.4
2014-12-07 10:52:02,4.72
2014-12-07 23:18:39,4.69
2014-12-08 11:33:17,4.53
2014-12-09 02:05:49,4.48
2014-12-09 12:11:25,4.36
2014-12-10 00:40:31,4.23
2014-12-10 13:03:17,4.95
2014-12-11 03:31:28,4.31
2014-12-11 13:33:39,4.47
2014-12-12 01:46:42,4.56
2014-12-12 13:55:13,4.28
2014-12-13 04:15:38,4.32
2014-12-13 14:47:11,4.03
2014-12-14 05:17:05,3.99
2014-12-14 15:49:36,3.85
2014-12-15 06:02:41,4.01
2014-12-15 17:10:04,3.89
2014-12-16 05:57:47,3.92
2014-12-16 19:39:38,3.99
2014-12-17 07:12:33,3.87
2014-12-17 19:04:56,4.06
2014-12-18 07:36:01,4.2
2014-12-18 19:56:19,4.03
2014-12-19 08:23:46,4.41
2014-12-19 20:58:18,4.17
2014-12-20 08:59:34,4.38
2014-12-20 23:28:56,4.56
2014-12-21 10:04:31,4.38
2014-12-21 22:15:37,4.43
2014-12-22 10:31:51,4.8
2014-12-22 22:57:47,4.77
2014-12-23 11:13:01,4.82
2014-12-23 23:42:01,4.82
2014-12-24 11:53:15,4.77
2014-12-25 00:24:14,4.65
2014-12-25 12:45:38,4.74
2014-12-26 03:15:18,4.47
2014-12-26 13:35:35,4.54
2014-12-27 02:06:55,4.33
2014-12-27 14:23:43,4.49
2014-12-28 05:03:27,4.36
2014-12-28 15:22:51,3.93
2014-12-29 05:54:32,4.16
2014-12-29 16:21:02,4
2014-12-30 06:47:54,4.11
2014-12-30 17:40:42,3.92
2014-12-31 07:55:11,4.17
2014-12-31 18:52:10,3.93
2015-01-01 07:44:42,4.22
2015-01-01 20:11:08,4.09
2015-01-02 08:32:19,4.1
2015-01-02 21:05:06,4.3
2015-01-03 09:25:23,4.56
2015-01-03 21:35:35,4.43
2015-01-04 10:06:08,4.28
2015-01-04 22:36:38,4.22
2015-01-05 10:49:51,4.45
2015-01-05 23:07:33,4.46
2015-01-06 11:15:40,4.62
2015-01-07 01:33:11,4.41
2015-01-07 12:01:38,4.59
2015-01-08 00:13:52,4.36
2015-01-08 12:52:25,4.63
2015-01-09 02:22:37,4.47
2015-01-09 13:04:21,4.27
2015-01-10 01:17:35,4.79
2015-01-10 13:35:15,4.05
2015-01-11 03:39:08,4.77
2015-01-11 14:07:30,4
2015-01-12 02:42:57,4.35
2015-01-12 15:00:09,3.92
2015-01-13 03:50:05,4.72
2015-01-13 18:13:31,4.02
2015-01-14 05:17:34,4.36
2015-01-14 18:49:03,3.9
2015-01-15 04:42:30,4.16
2015-01-15 17:52:39,3.94
2015-01-16 07:02:49,3.97
2015-01-16 20:46:35,4.26
2015-01-17 07:35:47,4
2015-01-17 20:23:25,4.16
2015-01-18 08:37:37,4.45
2015-01-18 21:22:20,4.32
2015-01-19 09:27:15,4.47
2015-01-19 21:53:34,4.49
2015-01-20 10:17:04,4.72
2015-01-20 22:42:47,4.85
2015-01-21 11:07:06,4.9
2015-01-21 23:27:49,4.72
2015-01-22 11:45:05,4.87
2015-01-23 00:14:32,4.76
2015-01-23 12:34:51,4.83
2015-01-24 01:01:17,4.71
2015-01-24 13:23:39,4.81
2015-01-25 03:52:07,4.57
2015-01-25 14:08:24,4.39
2015-01-26 02:45:12,4.4
2015-01-26 15:01:14,4.32
2015-01-27 05:32:10,4.39
2015-01-27 17:58:15,3.89
2015-01-28 05:53:53,4.2
2015-01-28 17:36:17,3.84
2015-01-29 05:50:06,4.33
2015-01-29 20:11:58,4.03
2015-01-30 08:18:57,4.12
2015-01-30 19:55:41,3.99
2015-01-31 08:25:50,4.27
2015-01-31 22:25:52,4.03
2015-02-01 09:08:34,4.06
2015-02-01 23:18:46,4.26
2015-02-02 10:00:38,4.42
2015-02-02 22:20:01,4.5
2015-02-03 10:29:35,4.49
2015-02-03 22:58:46,4.26
2015-02-04 11:03:54,4.28
2015-02-04 23:28:29,4.28
2015-02-05 11:41:39,4.22
2015-02-05 23:55:49,4.07
2015-02-06 12:10:54,4.04
2015-02-07 00:36:34,3.89
2015-02-07 12:38:02,4.02
2015-02-08 03:02:28,4.16
2015-02-08 13:04:44,4.15
2015-02-09 03:41:22,4.01
2015-02-09 13:41:28,4.04
2015-02-10 03:55:42,4.03
2015-02-10 14:16:04,3.83
2015-02-11 04:21:10,3.96
2015-02-11 15:03:54,3.84
2015-02-12 05:00:44,3.98
2015-02-12 17:12:49,3.83
2015-02-13 05:20:56,3.99
2015-02-13 17:39:13,3.98
2015-02-14 05:41:00,4.04
2015-02-14 20:11:28,3.78
2015-02-15 07:08:24,3.88
2015-02-15 19:51:09,3.97
2015-02-16 08:27:49,4.16
2015-02-16 20:57:13,4.25
2015-02-17 09:21:49,4.29
2015-02-17 21:41:06,4.21
2015-02-18 10:03:16,4.44
2015-02-18 22:27:41,4.58
2015-02-19 10:45:54,4.85
2015-02-19 23:10:59,4.89
2015-02-20 11:30:06,5.03
2015-02-20 23:58:05,5.05
2015-02-21 12:19:09,4.99
2015-02-22 00:40:21,4.87
2015-02-22 13:06:35,5
2015-02-23 01:29:48,4.68
2015-02-23 13:59:06,4.99
2015-02-24 02:24:42,4.66
2015-02-24 14:31:36,4.43
2015-02-25 03:09:08,4.38
2015-02-25 17:23:08,4.11
2015-02-26 05:47:22,3.95
2015-02-26 16:58:23,3.75
2015-02-27 06:03:40,4.08
2015-02-27 20:07:31,3.74
2015-02-28 06:53:23,3.89
2015-02-28 20:14:32,3.92
2015-03-01 07:50:59,3.89
2015-03-01 20:46:46,4.33
2015-03-02 09:02:06,4.16
2015-03-02 21:10:48,4.14
2015-03-03 09:30:01,4.22
2015-03-03 21:53:11,4.21
2015-03-04 10:10:08,4.1
2015-03-04 22:36:25,4.27
2015-03-05 10:45:11,4.05
2015-03-05 23:12:08,4.19
2015-03-06 11:15:11,4.31
2015-03-06 23:43:25,4.31
2015-03-07 11:42:33,4.3
2015-03-08 00:09:49,4.55
2015-03-08 12:17:45,4.29
2015-03-09 02:27:42,4.43
2015-03-09 12:47:52,4.34
2015-03-10 01:02:37,4.15
2015-03-10 15:15:38,4.21
2015-03-11 01:31:48,4.37
2015-03-11 13:55:02,3.97
2015-03-12 02:12:06,3.93
2015-03-12 14:46:30,4.3
2015-03-13 02:51:10,3.69
2015-03-13 16:54:12,3.99
2015-03-14 05:35:49,3.5
2015-03-14 18:21:22,3.66
2015-03-15 05:34:25,3.65
2015-03-15 18:22:04,3.69
2015-03-16 06:47:19,3.86
2015-03-16 21:04:23,3.96
2015-03-17 07:54:15,4
2015-03-17 20:47:55,4.17
2015-03-18 08:52:42,4.24
2015-03-18 21:24:02,4.29
2015-03-19 09:48:42,4.39
2015-03-19 22:07:50,4.52
2015-03-20 10:31:23,4.68
2015-03-20 22:50:09,4.75
2015-03-21 11:12:58,4.87
2015-03-21 23:35:10,4.84
2015-03-22 11:56:19,4.77
2015-03-23 00:22:37,4.76
2015-03-23 12:43:47,4.84
2015-03-24 01:00:55,4.87
2015-03-24 13:25:09,4.63
2015-03-25 01:50:02,4.49
2015-03-25 16:12:12,4.36
2015-03-26 04:34:17,4.43
2015-03-26 15:03:36,3.99
2015-03-27 05:24:19,4.16
2015-03-27 17:47:32,3.93
2015-03-28 04:47:21,3.75
2015-03-28 17:53:32,3.76
2015-03-29 06:18:46,3.82
2015-03-29 18:50:07,3.89
2015-03-30 08:02:12,3.88
2015-03-30 21:34:32,4.08
2015-03-31 08:18:49,3.75
2015-03-31 21:03:21,4.35
2015-04-01 09:09:43,4.11
2015-04-01 21:41:06,4.17
2015-04-02 09:36:53,4.4
2015-04-02 22:04:35,4.38
2015-04-03 10:13:32,4.34
2015-04-03 22:30:58,4.32
2015-04-04 10:51:59,4.22
2015-04-04 23:01:56,4.36
2015-04-05 11:21:03,4.39
2015-04-05 23:33:06,4.38
2015-04-06 11:48:10,4.33
2015-04-07 00:08:45,4.37
2015-04-07 12:22:49,4.23
2015-04-08 00:39:35,4.31
2015-04-08 12:58:46,4.24
2015-04-09 01:09:35,4.23
2015-04-09 13:31:46,4.17
2015-04-10 01:50:11,4.17
2015-04-10 15:58:05,4.24
2015-04-11 04:18:56,4.19
2015-04-11 16:26:54,4
2015-04-12 04:31:52,4.06
2015-04-12 16:31:43,3.88
2015-04-13 05:02:04,4.02
2015-04-13 18:40:33,3.8
2015-04-14 06:33:57,3.79
2015-04-14 20:42:53,4.17
2015-04-15 07:31:07,4.11
2015-04-15 21:56:21,4.43
2015-04-16 08:28:52,4.45
2015-04-16 20:57:09,4.62
2015-04-17 09:25:34,4.73
2015-04-17 21:47:58,4.68
2015-04-18 10:12:34,4.59
2015-04-18 22:31:42,4.69
2015-04-19 10:50:49,4.72
2015-04-19 23:18:15,4.85
2015-04-20 11:35:28,4.79
2015-04-20 23:59:37,4.73
2015-04-21 12:17:56,4.59
2015-04-22 00:36:28,4.59
2015-04-22 13:06:07,4.43
2015-04-23 01:25:38,4.39
2015-04-23 16:03:24,4.4
2015-04-24 02:11:56,4.32
2015-04-24 16:35:16,4.33
2015-04-25 03:03:56,4.16
2015-04-25 17:00:04,4.2
2015-04-26 04:50:46,4.05
2015-04-26 18:03:45,4.01
2015-04-27 05:32:05,3.72
2015-04-27 19:25:03,3.98
2015-04-28 06:37:53,3.59
2015-04-28 19:35:21,3.96
2015-04-29 07:36:53,3.94
2015-04-29 20:18:48,4.11
2015-04-30 08:38:23,4.05
2015-04-30 21:12:48,4.31
2015-05-01 09:14:11,4.22
2015-05-01 21:31:40,4.35
2015-05-02 09:44:51,4.38
2015-05-02 22:07:04,4.6
2015-05-03 10:18:07,4.6
2015-05-03 22:34:21,4.74
2015-05-04 10:56:38,4.6
2015-05-04 23:02:41,4.86
2015-05-05 11:17:12,5.01
2015-05-05 23:39:52,4.92
2015-05-06 12:04:14,4.84
2015-05-07 00:15:14,4.64
2015-05-07 12:36:23,4.68
2015-05-08 00:47:23,4.58
2015-05-08 15:17:03,4.63
2015-05-09 01:45:41,4.66
2015-05-09 14:03:30,4.38
2015-05-10 02:29:48,4.42
2015-05-10 17:27:23,4.18
2015-05-11 03:23:16,4.19
2015-05-11 17:56:35,4.34
2015-05-12 04:37:22,4.1
2015-05-12 19:13:39,4.29
2015-05-13 06:13:34,4.21
2015-05-13 20:07:14,4.44
2015-05-14 07:05:15,4.36
2015-05-14 19:50:49,4.55
2015-05-15 08:03:49,4.37
2015-05-15 20:42:16,4.48
2015-05-16 08:59:33,4.46
2015-05-16 21:26:00,4.79
2015-05-17 09:50:38,4.66
2015-05-17 22:16:55,4.81
2015-05-18 10:37:03,4.95
2015-05-18 23:06:11,5.02
2015-05-19 11:22:41,4.95
2015-05-19 23:38:30,4.9
2015-05-20 11:59:42,4.61
2015-05-21 00:21:57,4.61
2015-05-21 12:27:34,4.34
2015-05-21 12:36:43,5.5
2015-05-21 15:01:05,4.29
2015-05-22 01:06:33,4.35
2015-05-22 15:27:24,4.25
2015-05-23 01:50:36,4.15
2015-05-23 16:02:59,4.18
2015-05-24 02:35:09,3.92
2015-05-24 17:09:29,4.03
2015-05-25 03:49:59,3.88
2015-05-25 17:38:34,3.97
2015-05-26 04:57:05,3.64
2015-05-26 18:29:55,3.91
2015-05-27 05:50:28,3.58
2015-05-27 16:39:40,3.25
2015-05-27 18:31:30,3.88
2015-05-28 06:39:34,3.7
2015-05-28 19:37:02,4.04
2015-05-29 08:01:43,3.88
2015-05-29 20:20:52,4.1
2015-05-30 08:34:39,4.03
2015-06-01 09:43:53,4.36
2015-06-01 22:10:48,4.69
2015-06-02 10:28:07,4.32
2015-06-02 22:53:11,4.58
2015-06-03 11:06:59,4.52
2015-06-03 23:17:55,4.46
2015-06-04 11:40:59,4.44
2015-06-04 23:56:03,4.53
2015-06-05 12:23:20,4.55
2015-06-06 00:34:45,4.51
2015-06-06 13:05:03,4.41
2015-06-07 01:33:26,4.31
2015-06-07 15:49:28,4.35
2015-06-08 02:12:48,4.13
2015-06-08 16:39:04,4.22
2015-06-09 03:13:10,3.96
2015-06-09 17:44:47,4.07
2015-06-10 04:15:08,3.8
2015-06-10 18:57:37,4.11
2015-06-11 06:57:37,3.88
2015-06-11 19:56:23,4.32
2015-06-12 06:29:26,4.21
2015-06-12 19:37:23,4.44
2015-06-13 07:52:30,4.26
2015-06-13 20:18:44,4.46
2015-06-14 08:41:55,4.36
2015-06-14 21:12:14,4.58
2015-06-15 09:28:18,4.4
2015-06-15 21:52:48,4.48
2015-06-16 10:25:08,4.41
2015-06-16 22:43:52,4.53
2015-06-17 11:05:02,4.41
2015-06-17 23:21:27,4.64
2015-06-18 11:52:48,4.63
2015-06-19 00:02:15,4.53
2015-06-19 14:20:26,4.44
2015-06-20 00:42:02,4.43
2015-06-20 13:11:20,4.39
2015-06-21 01:29:25,4.37
2015-06-21 13:45:30,4.31
2015-06-22 02:01:37,4.3
2015-06-22 16:17:08,4.36
2015-06-23 02:51:01,4.06
2015-06-23 16:43:26,4.28
2015-06-24 03:54:12,3.87
2015-06-24 17:34:08,4.03
2015-06-25 04:42:05,3.82
2015-06-25 18:03:17,4.06
2015-06-26 05:56:05,3.79
2015-06-26 18:30:34,4.05
2015-06-27 07:00:59,3.86
2015-06-27 19:15:40,4.08
2015-06-28 07:50:01,3.93
2015-06-28 20:04:09,4.14
2015-06-29 08:41:35,4.13
2015-06-29 21:08:26,4.29
2015-06-30 09:18:24,4.26
2015-06-30 21:34:48,4.52
2015-07-01 11:50:42,4.5
2015-07-01 22:21:24,4.65
2015-07-02 11:24:48,4.49
2015-07-02 23:00:43,4.69
2015-07-03 11:26:52,4.63
2015-07-03 23:43:12,4.8
2015-07-04 12:03:20,4.74
2015-07-05 00:24:47,4.75
2015-07-05 12:43:54,4.7
2015-07-06 01:12:14,4.72
2015-07-06 13:42:32,4.69
2015-07-07 01:54:32,4.71
2015-07-07 14:26:52,4.68
2015-07-08 02:50:03,4.66
2015-07-08 16:46:48,4.56
2015-07-09 03:48:46,4.38
2015-07-09 18:11:56,4.5
2015-07-10 04:57:58,4.06
2015-07-10 19:17:03,4.36
2015-07-11 06:22:21,4.09
2015-07-11 19:04:52,4.31
2015-07-12 07:34:13,4.19
2015-07-12 20:12:39,4.38
2015-07-13 08:57:11,4.37
2015-07-13 21:06:09,4.44
2015-07-14 09:29:33,4.33
2015-07-14 21:49:01,4.44
2015-07-15 10:13:17,4.33
2015-07-15 22:28:30,4.45
2015-07-16 10:52:12,4.45
2015-07-16 23:07:22,4.53
2015-07-17 11:30:46,4.49
2015-07-17 23:46:52,4.47
2015-07-18 12:04:59,4.46
2015-07-19 00:25:06,4.47
2015-07-19 12:45:15,4.49
2015-07-20 00:53:13,4.43
2015-07-20 13:17:25,4.49
2015-07-21 01:28:26,4.31
2015-07-21 13:58:45,4.33
2015-07-22 02:07:42,4.21
2015-07-22 16:25:47,4.25
2015-07-23 02:58:10,4.01
2015-07-23 16:41:41,4.12
2015-07-24 05:13:01,3.98
2015-07-24 16:29:06,4.13
2015-07-25 05:22:55,3.85
2015-07-25 17:24:45,4.17
2015-07-26 06:38:47,3.77
2015-07-26 17:41:39,4.13
2015-07-27 07:08:54,3.93
2015-07-27 19:38:11,4.21
2015-07-28 07:47:08,4.01
2015-07-28 20:32:42,4.21
2015-07-29 09:02:19,4.29
2015-07-29 21:18:23,4.51
2015-07-30 09:36:30,4.34
2015-07-30 21:58:40,4.49
2015-07-31 10:19:50,4.46
2015-07-31 22:37:57,4.63
2015-08-01 11:04:26,4.62
2015-08-01 23:30:30,4.73
2015-08-02 11:46:34,4.76
2015-08-03 00:06:44,4.92
2015-08-03 12:36:01,4.78
2015-08-04 00:54:08,4.85
2015-08-04 13:20:22,4.8
2015-08-05 01:39:40,4.68
2015-08-05 14:24:12,4.7
2015-08-06 02:34:23,4.57
2015-08-06 15:11:49,4.46
2015-08-07 03:33:59,4.26
2015-08-07 17:36:25,4.33
2015-08-08 04:48:50,4
2015-08-08 18:51:40,4.17
2015-08-09 05:57:40,3.9
2015-08-09 18:56:31,4.22
2015-08-10 07:23:45,4.08
2015-08-10 19:58:08,4.16
2015-08-11 08:14:11,4.09
2015-08-11 20:43:31,4.19
2015-08-12 10:52:26,4.13
2015-08-12 21:44:07,4.27
2015-08-13 11:30:40,4.33
2015-08-13 22:25:24,4.48
2015-08-14 10:40:26,4.51
2015-08-14 22:52:27,4.49
2015-08-15 11:10:34,4.55
2015-08-15 23:22:30,4.59
2015-08-16 11:46:58,4.57
2015-08-17 00:00:01,4.57
2015-08-17 12:13:13,4.48
2015-08-18 00:28:27,4.47
2015-08-18 12:48:36,4.46
2015-08-19 00:58:47,4.37
2015-08-19 15:17:51,4.37
2015-08-20 01:36:39,4.26
2015-08-20 13:55:07,4.26
2015-08-21 02:04:19,4.09
2015-08-21 16:24:57,4.11
2015-08-22 04:02:01,3.95
2015-08-22 16:53:39,4.12
2015-08-23 04:07:49,4.05
2015-08-23 16:22:51,4.07
2015-08-24 05:06:24,3.87
2015-08-24 17:30:36,4
2015-08-25 06:09:01,3.88
2015-08-25 18:48:29,4.22
2015-08-26 07:47:17,4.24
2015-08-26 19:49:59,4.3
2015-08-27 08:32:29,4.39
2015-08-27 20:49:35,4.45
2015-08-28 09:17:54,4.52
2015-08-28 21:48:15,4.53
2015-08-29 10:02:17,4.6
2015-08-29 22:24:28,4.76
2015-08-30 10:49:41,4.82
2015-08-30 23:01:41,4.93
2015-08-31 11:36:02,4.88
2015-08-31 23:45:33,5
2015-09-01 12:14:16,4.9
2015-09-02 00:35:36,4.89
2015-09-02 12:59:49,4.84
2015-09-03 01:17:55,4.78
2015-09-03 13:48:14,4.66
2015-09-04 02:07:21,4.53
2015-09-04 16:30:33,4.54
2015-09-05 04:48:39,4.2
2015-09-05 17:02:41,4.45
2015-09-06 05:57:40,4.06
2015-09-06 18:06:23,3.93
2015-09-07 05:56:01,3.81
2015-09-07 18:42:35,3.86
2015-09-08 08:15:57,3.74
2015-09-08 19:44:14,3.84
2015-09-09 09:37:36,3.91
2015-09-09 20:47:35,3.97
2015-09-10 10:39:15,4.07
2015-09-10 21:22:48,4.14
2015-09-11 09:41:55,4.3
2015-09-11 21:56:58,4.41
2015-09-12 10:09:06,4.54
2015-09-12 22:29:15,4.42
2015-09-13 10:42:44,4.56
2015-09-13 23:06:02,4.66
2015-09-14 11:17:01,4.81
2015-09-14 23:25:41,4.7
2015-09-15 11:32:20,4.56
2015-09-15 23:51:26,4.61
2015-09-16 12:21:08,4.72
2015-09-17 00:22:23,4.57
2015-09-17 12:46:35,4.63
2015-09-18 00:58:35,4.43
2015-09-18 13:17:41,4.39
2015-09-19 01:30:43,4.22
2015-09-19 13:52:14,4.15
2015-09-20 02:11:19,3.91
2015-09-20 16:11:05,3.96
2015-09-21 04:40:21,3.88
2015-09-21 15:34:13,3.97
2015-09-22 03:54:43,3.94
2015-09-22 16:43:48,3.92
2015-09-23 04:06:02,3.21
2015-09-23 06:39:33,3.83
2015-09-23 09:06:59,3.22
2015-09-23 18:59:49,3.87
2015-09-24 07:13:14,4.01
2015-09-24 19:34:24,4.11
2015-09-25 08:17:57,4.19
2015-09-25 20:31:02,4.27
2015-09-26 09:01:20,4.31
2015-09-26 21:12:12,4.41
2015-09-27 09:40:30,4.45
2015-09-27 22:07:45,4.51
2015-09-28 10:20:46,4.59
2015-09-28 22:44:06,4.63
2015-09-29 11:12:22,4.68
2015-09-29 23:26:25,4.62
2015-09-30 11:54:43,4.87
2015-10-01 00:17:15,4.81
2015-10-01 12:35:21,4.78
2015-10-02 01:03:50,4.62
2015-10-02 15:33:57,4.59
2015-10-03 03:44:58,4.57
2015-10-03 14:13:16,4.5
2015-10-04 02:55:29,4.39
2015-10-04 15:56:18,4.43
2015-10-05 05:42:54,4.53
2015-10-05 16:22:23,4.19
2015-10-06 05:43:33,4.24
2015-10-06 18:03:19,4.05
2015-10-07 06:48:52,4.13
2015-10-07 18:55:47,3.91
2015-10-08 08:04:09,4.18
2015-10-08 20:13:05,4.1
2015-10-09 08:34:15,4.32
2015-10-09 20:50:23,4.27
2015-10-10 09:17:54,4.36
2015-10-10 21:27:52,4.32
2015-10-11 09:48:08,4.5
2015-10-11 21:59:08,4.39
2015-10-12 10:19:46,4.47
2015-10-12 22:31:46,4.43
2015-10-13 10:52:55,4.54
2015-10-13 23:04:55,4.44
2015-10-14 11:17:56,4.55
2015-10-14 23:31:07,4.48
2015-10-15 11:51:15,4.54
2015-10-16 00:04:20,4.49
2015-10-16 12:11:15,4.54
2015-10-17 02:32:01,4.39
2015-10-17 12:51:10,4.45
2015-10-18 02:58:04,4.36
2015-10-18 15:15:09,4.37
2015-10-19 03:30:19,4.26
2015-10-19 15:52:29,4.18
2015-10-20 04:06:31,4.11
2015-10-20 16:36:49,4.06
2015-10-21 04:43:18,3.98
2015-10-21 16:22:47,3.87
2015-10-22 05:10:28,4.27
2015-10-22 18:08:13,4.05
2015-10-23 07:51:43,4.4
2015-10-23 18:45:25,3.97
2015-10-24 07:40:08,4.51
2015-10-24 20:10:26,4.42
2015-10-25 10:12:10,4.62
2015-10-25 20:52:40,4.67
2015-10-26 09:11:47,4.82
2015-10-26 21:33:42,4.97
2015-10-27 10:08:05,5.12
2015-10-27 22:25:10,5.11
2015-10-28 10:45:19,5.17
2015-10-28 23:13:35,5.14
2015-10-29 11:29:56,5.23
2015-10-29 23:51:34,4.92
2015-10-30 12:10:45,5.07
2015-10-31 00:40:23,4.73
2015-10-31 13:01:35,4.72
2015-11-01 03:29:49,4.55
2015-11-01 15:38:46,4.52
2015-11-02 04:15:55,4.36
2015-11-02 14:54:25,4.27
2015-11-03 04:30:03,4.34
2015-11-03 15:46:08,4.09
2015-11-04 04:43:54,4.22
2015-11-04 17:17:16,3.91
2015-11-05 06:00:49,4.07
2015-11-05 18:07:51,4.01
2015-11-06 07:09:50,4.25
2015-11-06 19:17:10,4.05
2015-11-07 08:37:18,4.43
2015-11-07 20:01:31,4.11
2015-11-08 09:58:38,4.53
2015-11-08 21:04:33,4.29
2015-11-09 09:22:44,4.61
2015-11-09 21:29:42,4.42
2015-11-10 10:04:15,4.77
2015-11-10 22:04:06,4.51
2015-11-11 10:17:08,4.65
2015-11-11 22:33:20,4.52
2015-11-12 10:46:42,4.65
2015-11-12 23:12:56,4.74
2015-11-13 11:13:46,4.63
2015-11-13 23:41:01,4.89
2015-11-14 12:05:13,4.61
2015-11-15 00:16:13,4.77
2015-11-15 12:21:08,4.66
2015-11-16 00:51:41,4.64
2015-11-16 13:12:07,4.38
2015-11-17 01:22:05,4.76
2015-11-17 14:02:33,4.76
2015-11-18 02:26:14,4.27
2015-11-18 14:43:26,4.43
2015-11-19 05:45:50,4.27
2015-11-19 17:51:44,4.6
2015-11-20 04:49:31,4.22
2015-11-20 17:01:38,4.12
2015-11-21 06:35:01,4.31
2015-11-21 18:44:15,4.33
2015-11-22 09:06:28,4.32
2015-11-22 19:41:57,4.39
2015-11-23 07:55:51,4.45
2015-11-23 20:27:10,4.5
2015-11-24 08:44:19,4.68
2015-11-24 21:17:40,4.75
2015-11-25 09:42:41,4.85
2015-11-25 22:07:00,4.8
2015-11-26 10:26:07,4.7
2015-11-26 22:49:19,4.69
2015-11-27 11:13:39,4.95
2015-11-27 23:35:48,4.72
2015-11-28 11:50:52,4.93
2015-11-29 00:12:01,4.65
2015-11-29 12:46:07,4.8
2015-11-30 03:26:34,4.94
2015-11-30 13:24:23,4.83
2015-12-01 04:02:47,4.51
2015-12-01 14:19:54,4.28
2015-12-02 04:37:58,4.11
2015-12-02 15:12:34,4.05
2015-12-03 05:21:04,4.38
2015-12-03 16:18:52,3.86
2015-12-04 04:18:40,3.76
2015-12-04 16:48:58,3.84
2015-12-05 06:11:07,3.77
2015-12-05 18:52:38,3.9
2015-12-06 06:54:28,4.18
2015-12-06 19:34:56,4.03
2015-12-07 08:05:33,4.3
2015-12-07 20:12:28,3.98
2015-12-08 08:32:50,4.19
2015-12-08 20:42:50,4.2
2015-12-09 09:19:14,4.4
2015-12-09 21:36:18,4.16
2015-12-10 09:47:20,4.3
2015-12-10 22:16:37,4.68
2015-12-11 10:23:31,4.65
2015-12-11 22:38:40,4.49
2015-12-12 11:03:53,4.73
2015-12-12 23:21:20,4.44
2015-12-13 11:34:04,4.76
2015-12-13 23:59:25,4.53
2015-12-14 12:13:47,4.68
2015-12-15 02:49:10,4.59
2015-12-15 12:57:25,4.61
2015-12-16 01:29:49,4.52
2015-12-16 13:38:39,4.46
2015-12-17 03:49:01,4.59
2015-12-17 14:42:56,4.51
2015-12-18 05:10:42,4.42
2015-12-18 15:38:11,4.36
2015-12-19 05:48:20,4.5
2015-12-19 16:41:02,4.34
2015-12-20 06:33:24,4.62
2015-12-20 18:17:04,4.44
2015-12-21 06:36:53,4.46
2015-12-21 19:06:19,4.51
2015-12-22 08:44:46,4.78
2015-12-22 20:12:01,4.6
2015-12-23 08:47:37,4.94
2015-12-23 23:07:52,4.67
2015-12-24 09:32:13,4.97
2015-12-24 22:00:29,4.53
2015-12-25 10:15:31,5.01
2015-12-25 22:46:51,4.89
2015-12-26 10:56:49,4.8
2015-12-26 23:26:08,4.8
2015-12-27 11:42:12,4.71
2015-12-28 02:14:50,4.8
2015-12-28 12:23:51,4.81
2015-12-29 00:50:06,4.71
2015-12-29 12:55:00,4.54
2015-12-30 03:26:16,4.79
2015-12-30 13:32:18,4.5
2015-12-31 03:21:55,4.72
2015-12-31 14:58:37,4.59
2016-01-01 04:13:39,4.12
2016-01-01 17:08:21,4.4
2016-01-02 05:21:35,4.63
2016-01-02 16:00:03,3.95
2016-01-03 04:13:03,3.98
2016-01-03 19:23:00,3.79
2016-01-04 06:05:49,4.15
2016-01-04 18:26:06,3.94
2016-01-05 06:47:20,4.23
2016-01-05 19:19:41,3.94
2016-01-06 07:55:04,4.19
2016-01-06 20:18:16,4.19
2016-01-07 09:04:53,4.56
2016-01-07 21:48:41,4
2016-01-08 09:21:35,4.67
2016-01-08 21:46:57,4.55
2016-01-09 09:58:57,4.82
2016-01-09 22:27:13,5.06
2016-01-10 10:33:07,4.82
2016-01-10 23:04:27,4.84
2016-01-11 11:21:32,4.99
2016-01-11 23:45:45,4.83
2016-01-12 11:58:50,4.76
2016-01-13 00:25:04,4.66
2016-01-13 12:42:15,4.74
2016-01-14 01:06:29,4.82
2016-01-14 13:21:32,4.66
2016-01-15 03:54:52,4.61
2016-01-15 16:14:12,4.31
2016-01-16 04:42:30,4.3
2016-01-16 17:10:45,4.28
2016-01-17 05:43:23,4.39
2016-01-17 16:20:50,4.1
2016-01-18 06:41:57,4.31
2016-01-18 17:15:20,3.97
2016-01-19 07:39:29,4.23
2016-01-19 18:46:26,3.97
2016-01-20 07:29:59,4.19
2016-01-20 20:04:22,4.23
2016-01-21 08:25:23,4.32
2016-01-21 21:01:47,4.32
2016-01-22 09:17:57,4.49
2016-01-22 21:49:16,4.27
2016-01-23 11:50:03,4.56
2016-01-23 22:37:40,4.59
2016-01-24 10:50:48,4.51
2016-01-24 23:13:07,4.52
2016-01-25 11:31:35,4.72
2016-01-25 23:45:41,4.51
2016-01-26 12:02:59,4.93
2016-01-27 00:22:19,4.41
2016-01-27 12:44:31,4.95
2016-01-28 03:12:45,4.58
2016-01-28 13:14:06,4.49
2016-01-29 01:34:14,4.34
2016-01-29 13:49:58,4.32
2016-01-30 02:32:28,4.69
2016-01-30 14:47:38,4.34
2016-01-31 04:41:18,4.44
2016-01-31 15:14:41,4.31
2016-02-01 03:29:45,4.08
2016-02-01 16:06:09,3.63
2016-02-02 05:29:12,4.25
2016-02-02 17:47:18,3.79
2016-02-03 06:38:57,4.08
2016-02-03 19:03:09,3.6
2016-02-04 07:08:02,3.71
2016-02-04 19:50:32,3.96
2016-02-05 08:09:48,3.97
2016-02-05 20:48:45,4.32
2016-02-06 09:20:25,4.55
2016-02-06 21:15:14,4.83
2016-02-07 09:41:28,4.8
2016-02-07 22:35:10,4.78
2016-02-08 10:50:19,4.96
2016-02-08 22:53:22,4.72
2016-02-09 11:14:32,5.07
2016-02-09 23:34:42,4.96
2016-02-10 11:43:48,5.11
2016-02-11 00:19:14,5.04
2016-02-11 12:30:21,5.14
2016-02-12 00:50:38,5
2016-02-12 13:04:40,5.06
2016-02-13 03:48:09,4.87
2016-02-13 13:49:06,4.86
2016-02-14 04:23:31,4.84
2016-02-14 14:45:43,4.62
2016-02-15 05:25:10,4.49
2016-02-15 17:45:35,4.19
2016-02-16 06:06:24,4.05
2016-02-16 17:00:07,3.81
2016-02-17 05:53:48,3.98
2016-02-17 19:15:59,4.2
2016-02-18 07:16:51,4.01
2016-02-18 19:57:29,4
2016-02-19 08:23:32,4.02
2016-02-19 20:55:52,4.26
2016-02-20 09:24:08,4.23
2016-02-20 19:15:50,2.81
2016-02-20 21:38:11,4.59
2016-02-21 00:17:49,4.24
2016-02-21 09:50:17,4.53
2016-02-21 22:21:44,4.52
2016-02-22 10:25:47,4.7
2016-02-22 22:58:10,4.64
2016-02-23 11:10:25,4.59
2016-02-23 23:31:45,4.61
2016-02-24 11:41:20,4.46
2016-02-25 00:03:31,4.5
2016-02-25 12:12:28,4.54
2016-02-26 00:40:43,4.54
2016-02-26 12:46:48,4.53
2016-02-27 01:05:10,4.49
2016-02-27 13:07:05,4.35
2016-02-28 03:50:34,4.16
2016-02-28 13:44:19,3.94
2016-02-29 04:06:31,4.06
2016-02-29 16:14:25,3.89
2016-03-01 03:48:54,3.95
2016-03-01 15:07:03,3.65
2016-03-02 05:25:07,4.13
2016-03-02 16:33:04,3.86
2016-03-03 06:06:24,3.46
2016-03-03 18:02:08,3.49
2016-03-04 05:43:43,3.75
2016-03-04 20:37:38,3.96
2016-03-05 07:31:23,3.84
2016-03-05 20:12:53,3.96
2016-03-06 08:44:15,4.15
2016-03-06 21:05:33,4.39
2016-03-07 09:20:29,4.48
2016-03-07 21:39:09,4.53
2016-03-08 10:05:40,4.56
2016-03-08 22:27:51,4.68
2016-03-09 10:28:56,5.01
2016-03-09 12:55:13,4.69
2016-03-09 23:06:19,4.54
2016-03-10 11:29:41,4.61
2016-03-10 23:56:16,4.73
2016-03-11 12:11:52,4.8
2016-03-12 00:33:06,4.73
2016-03-12 12:57:25,4.7
2016-03-13 01:20:40,4.57
2016-03-13 13:36:25,4.43
2016-03-14 04:05:01,4.24
2016-03-14 14:05:37,3.91
2016-03-14 16:38:22,4.11
2016-03-15 04:50:33,4.15
2016-03-15 17:26:06,4.05
2016-03-16 05:44:35,3.94
2016-03-16 15:20:01,3.09
2016-03-16 18:09:48,3.8
2016-03-16 20:22:59,3.05
2016-03-17 06:03:12,3.64
2016-03-17 18:08:13,3.69
2016-03-18 07:16:35,3.81
2016-03-18 19:33:44,3.86
2016-03-19 08:08:25,3.87
2016-03-19 20:37:57,3.9
2016-03-20 09:07:54,3.93
2016-03-20 21:41:15,4.16
2016-03-21 09:45:26,4.14
2016-03-21 22:00:37,4.34
2016-03-22 10:16:43,4.34
2016-03-22 22:40:56,4.45
2016-03-23 10:46:53,4.47
2016-03-23 23:08:02,4.48
2016-03-24 11:17:02,4.53
2016-03-24 23:33:59,4.67
2016-03-25 11:45:12,4.6
2016-03-26 00:04:20,4.59
2016-03-26 12:14:25,4.6
2016-03-27 00:32:32,4.8
2016-03-27 12:43:35,4.7
2016-03-28 01:02:59,5.33
2016-03-28 12:57:46,4.58
2016-03-29 01:34:12,4.73
2016-03-29 13:58:50,4.35
2016-03-30 02:12:46,4.38
2016-03-30 16:37:52,4.11
2016-03-31 03:08:12,3.97
2016-03-31 17:07:00,3.89
2016-04-01 05:04:17,3.74
2016-04-01 17:35:44,3.75
2016-04-02 05:26:28,3.74
2016-04-02 20:07:01,4.17
2016-04-03 07:12:52,3.95
2016-04-03 19:50:23,4.22
2016-04-04 07:57:46,4.35
2016-04-04 20:42:04,4.56
2016-04-05 08:50:24,4.59
2016-04-05 21:20:01,4.7
2016-04-06 09:34:31,4.8
2016-04-06 21:57:03,4.99
2016-04-07 10:18:45,4.98
2016-04-07 22:42:15,5
2016-04-08 11:05:37,5.01
2016-04-08 23:25:53,5.09
2016-04-09 11:52:17,5.1
2016-04-10 00:13:32,5.09
2016-04-10 12:30:41,5.08
2016-04-11 00:47:46,5.06
2016-04-11 13:24:36,4.88
2016-04-12 01:43:16,4.7
2016-04-12 14:03:33,4.63
2016-04-13 02:32:51,4.55
2016-04-13 17:05:38,4.43
2016-04-14 03:44:09,4.29
2016-04-14 18:21:21,4.37
2016-04-15 05:00:55,4.26
2016-04-15 18:55:52,4.28
2016-04-16 06:26:10,4.17
2016-04-16 19:02:35,4.3
2016-04-17 07:37:34,4.08
2016-04-17 20:14:04,4.29
2016-04-18 08:34:23,4.14
2016-04-18 20:56:42,4.37
2016-04-19 09:18:03,4.36
2016-04-19 21:30:03,4.41
2016-04-20 09:50:15,4.18
2016-04-20 22:09:23,4.41
2016-04-21 10:23:56,4.44
2016-04-21 22:49:28,4.69
2016-04-22 10:50:31,4.62
2016-04-22 23:07:39,4.68
2016-04-23 11:20:41,4.57
2016-04-23 23:39:49,4.7
2016-04-24 11:56:03,4.64
2016-04-25 00:01:09,4.6
2016-04-25 12:27:31,4.58
2016-04-26 00:36:35,4.8
2016-04-26 14:57:43,4.53
2016-04-27 01:19:57,4.53
2016-04-27 15:29:54,4.48
2016-04-28 01:50:20,4.28
2016-04-28 16:11:33,4.31
2016-04-29 02:31:43,4.11
2016-04-29 16:49:34,4.16
2016-04-30 04:03:18,4.09
2016-04-30 17:49:15,3.96
2016-05-01 05:09:24,3.74
2016-05-01 19:00:01,3.98
2016-05-02 06:33:22,4
2016-05-02 19:08:46,4.12
2016-05-03 07:32:13,4.36
2016-05-03 20:05:33,4.41
2016-05-04 08:24:40,4.45
2016-05-04 20:48:52,4.64
2016-05-05 09:09:00,4.73
2016-05-05 21:33:16,4.98
2016-05-06 10:02:01,5.09
2016-05-06 22:28:15,5.3
2016-05-07 10:46:50,5.29
2016-05-07 23:08:04,5.4
2016-05-08 11:25:08,5.42
2016-05-08 23:53:52,5.48
2016-05-09 12:16:06,4.86
2016-05-10 00:35:25,4.86
2016-05-10 13:05:01,4.74
2016-05-11 01:33:20,4.7
2016-05-11 15:55:35,4.63
2016-05-12 02:25:58,4.53
2016-05-12 16:31:52,4.55
2016-05-13 03:26:36,4.28
2016-05-13 17:33:42,4.39
2016-05-14 04:35:51,3.96
2016-05-14 18:04:10,4.16
2016-05-15 05:58:04,3.85
2016-05-15 19:09:58,4.03
2016-05-16 07:09:08,3.82
2016-05-16 20:02:53,4.06
2016-05-17 07:54:31,3.92
2016-05-17 20:19:45,4.17
2016-05-18 08:42:00,4.26
2016-05-18 21:10:14,4.4
2016-05-19 09:15:49,4.23
2016-05-19 09:35:35,4.22
2016-05-19 21:33:27,4.3
2016-05-20 09:54:34,4.26
2016-05-20 22:22:02,4.55
2016-05-21 10:27:05,4.44
2016-05-21 21:58:18,4.17
2016-05-22 11:01:22,4.49
2016-05-22 23:14:08,4.55
2016-05-23 11:36:21,4.38
2016-05-23 23:57:36,4.48
2016-05-24 14:14:30,4.43
2016-05-25 00:28:24,4.45
2016-05-25 14:46:19,4.35
2016-05-26 01:04:39,4.32
2016-05-26 15:16:42,4.3
2016-05-27 01:37:01,4.26
2016-05-27 16:00:41,4.28
2016-05-28 02:26:59,4.14
2016-05-28 16:41:06,4.26
2016-05-29 03:54:10,4.08
2016-05-29 17:38:39,4.26
2016-05-30 05:13:17,3.98
2016-05-30 18:51:47,4.26
2016-05-31 05:45:56,4.09
2016-05-31 19:53:51,4.24
2016-06-01 07:09:00,4.03
2016-06-01 21:08:09,4.41
2016-06-02 07:56:13,4.4
2016-06-02 20:25:32,4.55
2016-06-03 08:51:22,4.49
2016-06-03 21:20:33,4.66
2016-06-04 09:38:45,4.62
2016-06-04 22:09:04,4.78
2016-06-05 10:28:09,4.72
2016-06-05 22:55:38,4.8
2016-06-06 11:16:08,4.68
2016-06-06 23:38:17,4.74
2016-06-07 12:11:33,4.66
2016-06-08 00:30:50,4.65
2016-06-08 12:56:14,4.54
2016-06-09 01:06:23,4.57
2016-06-09 15:46:04,4.42
2016-06-10 02:02:13,4.31
2016-06-10 16:22:28,4.4
2016-06-11 02:56:56,4.15
2016-06-11 17:00:15,4.25
2016-06-12 04:11:35,4.05
2016-06-12 17:48:10,4.25
2016-06-13 04:47:24,3.92
2016-06-13 18:02:48,4.16
2016-06-14 05:54:12,3.87
2016-06-14 18:27:24,4.13
2016-06-15 07:12:01,4.03
2016-06-15 19:37:24,4.24
2016-06-16 07:52:27,4.11
2016-06-16 20:21:27,4.3
2016-06-17 08:54:48,4.14
2016-06-17 20:58:52,4.28
2016-06-18 09:30:34,4.16
2016-06-18 21:45:11,4.39
2016-06-19 09:58:29,4.18
2016-06-19 22:18:09,4.36
2016-06-20 10:35:13,4.32
2016-06-20 22:48:27,4.56
2016-06-21 11:11:38,4.43
2016-06-21 23:27:46,4.41
2016-06-22 11:53:11,4.42
2016-06-23 00:07:15,4.44
2016-06-23 15:12:07,4.3
2016-06-24 00:53:35,4.46
2016-06-24 15:03:30,4.42
2016-06-25 01:22:57,4.37
2016-06-25 15:51:15,4.37
2016-06-26 02:15:16,4.26
2016-06-26 16:40:15,4.34
2016-06-27 03:01:16,4.24
2016-06-27 17:33:29,4.39
2016-06-28 04:12:48,4.09
2016-06-28 18:19:47,4.47
2016-06-29 05:19:01,4.08
2016-06-29 18:29:06,4.34
2016-06-30 06:31:10,4.13
2016-06-30 19:26:54,4.44
2016-07-01 07:26:49,4.22
2016-07-01 20:00:35,4.51
2016-07-02 08:31:59,4.39
2016-07-02 21:05:42,4.53
2016-07-03 09:26:15,4.54
2016-07-03 21:49:15,4.56
2016-07-04 10:23:32,4.59
2016-07-04 22:40:28,4.65
2016-07-05 11:17:15,4.59
2016-07-05 23:22:29,4.64
2016-07-06 11:53:12,4.55
2016-07-07 00:07:24,4.52
2016-07-07 12:43:41,4.48
2016-07-08 00:52:32,4.52
2016-07-08 13:23:59,4.45
2016-07-09 01:42:13,4.4
2016-07-09 15:54:37,4.35
2016-07-10 02:19:11,4.24
2016-07-10 16:32:17,4.34
2016-07-11 03:00:10,4.16
2016-07-11 17:12:16,4.16
2016-07-12 04:00:49,3.99
2016-07-12 17:45:30,4.06
2016-07-13 05:03:16,3.71
2016-07-13 18:58:15,3.94
2016-07-14 06:15:59,3.57
2016-07-14 19:04:28,3.86
2016-07-15 07:40:15,3.63
2016-07-15 19:47:09,3.82
2016-07-16 08:29:31,3.69
2016-07-16 20:44:34,4.07
2016-07-17 08:57:57,3.93
2016-07-17 21:17:41,4.09
2016-07-18 09:46:00,4.1
2016-07-18 21:52:14,4.26
2016-07-19 12:06:21,4.29
2016-07-19 22:31:31,4.46
2016-07-20 12:47:34,4.49
2016-07-20 23:10:14,4.53
2016-07-21 11:28:07,4.56
2016-07-21 23:43:20,4.62
2016-07-22 12:10:06,4.59
2016-07-23 00:26:00,4.59
2016-07-23 12:53:05,4.58
2016-07-24 01:08:08,4.57
2016-07-24 13:38:29,4.56
2016-07-25 01:51:08,4.5
2016-07-25 16:28:38,4.47
2016-07-26 02:43:23,4.36
2016-07-26 17:15:28,4.43
2016-07-27 03:47:14,4.25
2016-07-27 17:53:59,4.34
2016-07-28 04:53:54,4.09
2016-07-28 17:49:39,4.28
2016-07-29 08:05:39,4.01
2016-07-29 18:49:21,4.27
2016-07-30 07:28:57,4.17
2016-07-30 20:06:05,4.29
2016-07-31 08:34:50,4.23
2016-07-31 21:02:04,4.38
2016-08-01 09:24:17,4.38
2016-08-01 21:49:38,4.66
2016-08-02 10:19:06,4.63
2016-08-02 22:41:19,4.71
2016-08-03 10:58:23,4.65
2016-08-03 23:09:39,4.68
2016-08-04 11:38:03,4.71
2016-08-04 23:47:08,4.67
2016-08-05 12:14:38,4.63
2016-08-06 00:27:16,4.54
2016-08-06 12:53:16,4.47
2016-08-07 01:08:19,4.42
2016-08-07 13:33:59,4.33
2016-08-08 01:45:21,4.37
2016-08-08 16:09:28,4.43
2016-08-09 02:21:51,4.15
2016-08-09 16:48:37,4.22
2016-08-10 04:46:38,3.84
2016-08-10 17:03:45,4.06
2016-08-11 04:07:08,3.63
2016-08-11 16:46:31,3.94
2016-08-12 05:07:28,3.64
2016-08-12 17:41:03,3.76
2016-08-13 06:19:08,3.67
2016-08-13 19:07:20,3.75
2016-08-14 08:24:46,3.79
2016-08-14 19:56:50,3.86
2016-08-15 08:34:15,3.88
2016-08-15 20:53:18,4.11
2016-08-16 10:45:22,4.17
2016-08-16 21:35:07,4.4
2016-08-17 09:58:47,4.45
2016-08-17 22:09:46,4.63
2016-08-18 10:30:40,4.61
2016-08-18 22:51:56,4.78
2016-08-19 13:10:10,4.81
2016-08-19 23:30:20,5
2016-08-20 11:49:16,4.93
2016-08-21 00:05:02,4.9
2016-08-21 12:30:33,4.84
2016-08-22 00:50:49,4.83
2016-08-22 13:14:54,4.7
2016-08-23 01:35:03,4.67
2016-08-23 16:00:54,4.68
2016-08-24 02:19:02,4.49
2016-08-24 16:27:29,4.58
2016-08-25 03:30:30,4.45
2016-08-25 17:13:41,4.47
2016-08-26 06:05:26,4.12
2016-08-26 18:06:14,4.21
2016-08-27 07:23:54,4.05
2016-08-27 19:34:58,4.33
2016-08-28 07:28:21,4.23
2016-08-28 19:51:57,4.27
2016-08-29 08:43:20,4.3
2016-08-29 20:51:25,4.3
2016-08-30 09:13:50,4.35
2016-08-30 21:43:14,4.49
2016-08-31 10:07:49,4.47
2016-08-31 22:16:52,4.54
2016-09-01 10:41:27,4.67
2016-09-01 22:49:24,4.59
2016-09-02 11:18:16,4.69
2016-09-02 23:28:27,4.68
2016-09-03 11:56:04,4.75
2016-09-04 00:04:58,4.75
2016-09-04 12:22:02,4.7
2016-09-05 00:33:26,4.66
2016-09-05 11:33:10,2.53
2016-09-05 12:51:11,4.53
2016-09-05 16:35:42,3.7
2016-09-06 01:05:06,4.37
2016-09-06 13:35:29,4.4
2016-09-07 03:40:30,4.2
2016-09-07 15:53:48,4.34
2016-09-08 03:44:42,4.22
2016-09-08 14:47:57,4.22
2016-09-09 04:33:29,4.07
2016-09-09 16:16:19,4.11
2016-09-10 04:45:30,3.85
2016-09-10 17:10:14,4.11
2016-09-11 06:10:53,3.84
2016-09-11 18:16:02,3.85
2016-09-12 06:48:25,3.92
2016-09-12 19:15:37,4
2016-09-13 08:11:26,4.31
2016-09-13 21:28:50,4.22
2016-09-14 09:22:10,4.41
2016-09-14 21:05:34,4.58
2016-09-15 09:40:13,4.65
2016-09-15 21:50:27,4.74
2016-09-16 10:05:11,4.7
2016-09-16 22:21:14,4.83
2016-09-17 10:53:50,4.83
2016-09-17 23:05:54,4.91
2016-09-18 11:30:24,4.94
2016-09-18 23:45:25,4.99
2016-09-19 12:12:17,4.97
2016-09-20 00:31:20,4.91
2016-09-20 12:53:24,4.8
2016-09-21 01:14:30,4.79
2016-09-21 13:41:54,4.72
2016-09-22 02:04:08,4.58
2016-09-22 16:27:14,4.54
2016-09-22 18:17:14,3.62
2016-09-23 01:45:14,3.47
2016-09-23 04:49:14,4.28
2016-09-23 17:18:14,4.34
2016-09-24 05:48:14,4.18
2016-09-24 17:15:14,4.12
2016-09-25 06:32:14,4.2
2016-09-25 18:36:14,4.06
2016-09-26 07:12:14,4.17
2016-09-26 19:36:13,4.15
2016-09-27 08:13:12,4.28
2016-09-27 20:38:13,4.12
2016-09-28 09:10:19,4.54
2016-09-28 21:17:39,4.45
2016-09-29 09:41:19,4.48
2016-09-29 21:57:23,4.7
2016-09-30 10:09:52,4.72
2016-09-30 22:29:28,4.67
2016-10-01 09:03:14,3.2
2016-10-01 22:59:13,4.71
2016-10-02 11:19:14,4.64
2016-10-02 23:33:13,4.63
2016-10-03 11:47:14,4.57
2016-10-04 00:04:58,4.43
2016-10-04 12:21:16,4.54
2016-10-05 00:35:19,4.31
2016-10-05 12:44:07,4.33
2016-10-06 03:09:27,4.09
2016-10-06 13:25:14,4.1
2016-10-07 03:39:18,4.14
2016-10-07 15:45:43,4.17
2016-10-08 04:04:07,3.99
2016-10-08 15:55:11,3.93
2016-10-09 04:48:32,3.81
2016-10-09 16:00:52,3.73
2016-10-10 06:04:40,3.79
2016-10-10 17:23:13,3.63
2016-10-10 20:37:26,3.07
2016-10-11 06:19:14,3.8
2016-10-11 18:31:13,3.81
2016-10-12 07:20:14,3.98
2016-10-12 19:42:15,4.06
2016-10-13 08:23:36,4.25
2016-10-13 20:37:03,4.41
2016-10-14 08:52:17,4.56
2016-10-14 21:12:36,4.67
2016-10-15 09:43:32,4.87
2016-10-15 21:53:45,4.97
2016-10-16 09:10:01,4.08
2016-10-16 10:22:29,4.94
2016-10-16 22:37:49,5
2016-10-17 11:01:23,5.03
2016-10-17 23:23:33,4.98
2016-10-18 11:44:05,4.93
2016-10-19 00:05:00,4.87
2016-10-19 12:32:19,4.92
2016-10-20 00:55:03,4.69
2016-10-20 13:21:13,4.64
2016-10-21 03:48:30,4.5
2016-10-21 16:08:16,4.41
2016-10-22 04:34:36,4.38
2016-10-22 16:56:35,4.21
2016-10-23 05:33:09,4.2
2016-10-23 17:01:30,3.94
2016-10-24 06:38:48,4.17
2016-10-24 17:53:52,4.04
2016-10-25 06:59:57,4.15
2016-10-25 19:42:28,4.02
2016-10-26 07:47:25,4.05
2016-10-26 20:13:35,4.02
2016-10-27 10:07:44,4.33
2016-10-27 21:05:47,4.15
2016-10-28 09:22:20,4.34
2016-10-28 21:31:16,4.38
2016-10-29 09:48:33,4.41
2016-10-29 22:10:44,4.31
2016-10-30 10:33:26,4.49
2016-10-30 22:42:52,4.4
2016-10-31 10:52:07,4.55
2016-10-31 23:12:27,4.49
2016-11-01 11:19:40,4.59
2016-11-01 23:42:59,4.55
2016-11-02 11:55:13,4.53
2016-11-03 00:11:38,4.45
2016-11-03 12:23:25,4.42
2016-11-04 00:44:32,4.34
2016-11-04 12:58:00,4.48
2016-11-05 03:11:05,4.39
2016-11-05 13:42:33,4.32
2016-11-06 03:44:29,4.34
2016-11-06 14:39:07,4.06
2016-11-07 04:01:36,4
2016-11-07 15:26:22,3.83
2016-11-08 05:41:08,3.98
2016-11-08 16:57:52,3.89
2016-11-09 04:55:46,4.17
2016-11-09 16:11:02,3.16
2016-11-09 17:44:28,3.82
2016-11-09 21:12:03,3.18
2016-11-10 06:54:16,4.15
2016-11-10 19:02:35,4.01
2016-11-11 07:35:22,4.4
2016-11-11 20:09:08,4.25
2016-11-12 08:25:22,4.57
2016-11-12 20:45:38,4.47
2016-11-13 09:20:02,4.74
2016-11-13 21:37:33,4.59
2016-11-14 09:55:52,4.68
2016-11-14 22:18:06,4.8
2016-11-15 10:42:02,4.87
2016-11-15 23:05:16,5.01
2016-11-16 11:35:37,4.95
2016-11-16 23:55:56,4.98
2016-11-17 12:14:20,5.13
2016-11-18 02:47:43,4.89
2016-11-18 13:02:00,4.91
2016-11-19 01:21:50,4.65
2016-11-19 13:45:10,4.58
2016-11-20 04:43:23,5.16
2016-11-20 14:43:24,4.28
2016-11-21 05:15:24,4.67
2016-11-21 16:01:33,4.44
2016-11-22 04:55:28,4.44
2016-11-22 17:15:32,3.77
2016-11-23 07:47:21,4.11
2016-11-23 18:23:51,3.76
2016-11-24 08:49:20,3.85
2016-11-24 21:05:55,3.77
2016-11-25 09:57:38,4.05
2016-11-25 22:07:44,3.89
2016-11-26 08:50:39,4.24
2016-11-26 21:08:50,4.07
2016-11-27 11:07:38,4.28
2016-11-27 21:38:58,4.02
2016-11-28 09:53:54,4.17
2016-11-29 00:11:41,4
2016-11-29 10:34:18,4.21
2016-11-30 00:53:33,4.14
2016-11-30 11:00:45,4.38
2016-11-30 23:20:41,4.31
2016-12-01 11:28:44,4.47
2016-12-02 01:51:17,4.4
2016-12-02 12:02:45,4.37
2016-12-03 02:27:53,4.26
2016-12-03 12:38:57,4.26
2016-12-04 03:12:51,4.25
2016-12-04 15:06:32,4.17
2016-12-05 03:33:04,4.25
2016-12-05 14:01:21,4.15
2016-12-06 04:04:25,4.21
2016-12-06 15:08:20,4
2016-12-07 04:39:46,4.03
2016-12-07 16:01:10,3.93
2016-12-08 05:41:40,4.18
2016-12-08 17:19:26,4.05
2016-12-09 07:01:31,4.17
2016-12-09 18:33:37,4
2016-12-10 07:23:11,4.36
2016-12-10 19:28:11,4.41
2016-12-11 07:54:26,4.5
2016-12-11 20:20:44,4.4
2016-12-12 08:46:58,4.64
2016-12-12 21:12:07,4.55
2016-12-13 09:37:27,4.83
2016-12-13 22:06:51,4.78
2016-12-14 10:29:05,4.92
2016-12-14 22:48:18,4.79
2016-12-15 11:10:54,4.98
2016-12-15 23:39:47,4.78
2016-12-16 12:03:06,4.85
2016-12-17 02:35:06,4.68
2016-12-17 12:47:53,4.55
2016-12-18 03:21:04,4.51
2016-12-18 13:34:08,4.37
2016-12-19 04:03:48,4.47
2016-12-19 14:21:11,4.18
2016-12-20 04:50:54,4.33
2016-12-20 15:20:54,4.02
2016-12-21 05:14:05,4.1
2016-12-21 16:50:30,3.94
2016-12-22 06:38:33,4.17
2016-12-22 17:33:19,3.67
2016-12-23 07:45:26,4.15
2016-12-23 18:25:50,3.77
2016-12-24 07:36:55,4.33
2016-12-24 19:44:25,4.03
2016-12-25 08:46:33,4.26
2016-12-25 20:32:17,3.86
2016-12-26 09:05:11,4.62
2016-12-26 22:55:56,4.07
2016-12-27 09:34:09,4.46
2016-12-27 23:52:04,3.82
2016-12-28 10:14:52,4.18
2016-12-28 22:38:06,4.17
2016-12-29 10:43:10,4.25
2016-12-29 23:09:25,4.22
2016-12-30 11:31:43,4.27
2016-12-30 23:49:23,4.28
2016-12-31 11:48:26,4.37
2017-01-01 00:25:10,4.36
2017-01-01 12:34:24,4.58
2017-01-02 01:21:58,4.25
2017-01-02 13:08:16,4.21
2017-01-03 03:14:17,4.28
2017-01-03 15:34:00,4.14
2017-01-04 04:19:35,4.45
2017-01-04 15:51:59,4.48
2017-01-05 04:59:38,4.14
2017-01-05 15:21:47,3.87
2017-01-06 05:44:36,3.97
2017-01-06 16:41:25,3.84
2017-01-07 06:27:19,4.14
2017-01-07 17:46:43,3.87
2017-01-08 07:47:28,4.1
2017-01-08 20:49:32,3.96
2017-01-09 09:32:26,4.13
2017-01-09 19:50:39,4.13
2017-01-10 07:49:29,4.27
2017-01-10 23:04:52,4.41
2017-01-11 09:31:57,4.55
2017-01-11 22:03:16,4.95
2017-01-12 10:17:01,4.85
2017-01-12 22:21:10,4.9
2017-01-13 10:53:54,4.64
2017-01-14 01:30:34,5.06
2017-01-14 11:48:10,4.53
2017-01-15 02:24:56,4.7
2017-01-15 12:29:00,4.51
2017-01-16 00:56:04,4.46
2017-01-16 13:14:34,4.32
2017-01-17 03:36:53,4.21
2017-01-17 13:59:07,4.15
2017-01-18 04:18:15,4.09
2017-01-18 16:47:00,3.79
2017-01-19 05:00:09,3.91
